rank2023,rank2022,rankchange,company,ownership,totalincome Rs cr,totalincome yoychange%,netincome Rs cr,netincome yoychange%,profit Rs cr,profit rank,profityoy change%,profit %of total income,interest cost Rs cr,interest cost %ebitda,cash&bankbalance Rs cr,total debt rs cr,debit-equity ratio(x),total assests rs cr,total assests rank,total assests yoy change%,networth Rs cr,networth rank,networth yoy change%,ronw(%),roce(%),employees (in nos),employees(rank),t12 avg m-cap Rs crore,tsr(%)
1,1,0,Reliance Industries,Mukesh Ambani,920274,25.00,877835,26.00,66702,1,10.00,7.00,19571,14.00,68664,451664,0.60,1290775,10,6.00,715872,1,0.00,9.9,10.0,389414,2,1665343,0.3
2,3,1,Indian Oil Corporation,Govt of India,872093,40.00,860702,43.00,9792,29,-61.00,1.00,7588,25.00,2097,148977,1.10,297502,28,9.00,139720,8,0.00,8.6,8.0,31095,36,119655,43.8
3,2,-1,LIC,Govt of India,792427,9.00,784628,8.00,35997,5,773.00,5.00,0,NAP,45499,0,0.00,4518867,2,8.00,46426,41,0.00,124.8,1.0,98463,13,395703,-2.4
4,4,0,ONGC,Govt of India,638965,27.00,632326,29.00,35440,6,-22.00,6.00,7889,12.00,29140,142255,0.50,485615,17,9.00,280647,4,0.00,14.1,13.3,26529,43,202533,50.5
5,6,1,Bharat Petroleum Corporation,Govt of India,477855,34.00,473187,36.00,2131,98,-82.00,0.00,3745,41.00,2574,69376,1.30,125088,56,6.00,53522,38,0.00,6.3,6.8,8713,117,75524,19.8
6,5,-1,State Bank of India,Govt of India,473378,16.00,350845,21.00,55648,2,57.00,12.00,189981,NAP,318312,4989688,0.00,5965535,1,11.00,331175,2,0.00,18.4,1.0,235858,6,513700,0.8
7,7,0,Tata Motors,Tata Group,357317,28.00,345967,24.00,2414,90,0.00,1.00,10225,32.00,37016,134113,3.00,217496,39,-2.00,45322,45,0.00,5.5,5.3,56727,23,185880,56.1
8,8,0,Tata Steel,Tata Group,248374,-2.00,243353,0.00,8760,31,-78.00,4.00,6299,20.00,13357,84893,0.80,204247,42,-2.00,102369,12,0.00,7.5,12.1,67784,20,139403,18.5
9,10,1,Tata Consultancy Services,Tata Group,228907,17.00,225458,18.00,42147,4,10.00,18.00,779,1.00,11032,7688,0.10,100786,65,1.00,90383,16,0.00,47.3,58.0,614795,1,1225352,8.2
10,9,-1,Hindalco Industries,Aditya Birla Group,221268,7.00,223202,14.00,10097,27,-26.00,5.00,3646,16.00,15368,60291,0.60,163076,45,7.00,94806,13,0.00,11.7,10.7,21440,55,99810,16.3
11,11,0,HDFC Bank,Diversified,204666,22.00,170754,26.00,45997,3,21.00,22.00,77780,NAP,197148,2139212,0.00,2530432,3,19.00,289438,3,0.00,17.2,2.0,173222,7,997944,-0.5
12,12,0,Larsen & Toubro,Diversified,189563,18.00,183341,17.00,10471,24,21.00,6.00,9445,35.00,22520,120650,1.40,225442,37,2.00,89326,17,0.00,14.7,12.6,53098,25,336218,46.6
13,13,0,ICICI Bank,Diversified,186179,18.00,121067,27.00,34037,7,36.00,18.00,50543,NAP,136456,1399894,0.00,1962861,4,12.00,211406,5,0.00,17.7,1.8,129020,9,642063,3.6
14,16,2,NTPC,Govt of India,178906,30.00,176207,33.00,16913,12,1.00,9.00,11447,24.00,4949,221626,1.50,380935,22,7.00,147023,7,0.00,12.1,9.7,NAVL,NAP,184334,38.1
15,14,-1,JSW Steel,Savitri Devi Jindal,170217,12.00,165960,13.00,4144,59,-80.00,2.00,6902,37.00,20714,80820,1.20,150472,48,4.00,65695,26,0.00,6.2,8.6,12856,92,180344,10.2
16,15,-1,HDFC,Diversified,164163,13.00,152940,13.00,26161,9,16.00,16.00,36845,NAP,3463,582265,0.00,797578,14,14.00,201474,6,0.00,14.5,9.4,4017,198,471714,11.1
17,17,0,Vedanta,Anil Agarwal,151289,8.00,147308,11.00,10574,23,-44.00,7.00,6225,19.00,9254,66628,1.70,125416,55,-14.00,39423,51,0.00,22.7,19.9,87513,15,103265,-3.0
18,24,6,GAIL (India),Govt of India,150505,57.00,145668,57.00,5616,46,-54.00,4.00,367,5.00,1103,17816,0.30,89493,73,12.00,64927,29,0.00,8.7,9.0,18324,63,70447,41.8
19,18,-1,Infosys,Diversified,149468,21.00,146767,21.00,24095,10,9.00,16.00,284,1.00,12173,8299,0.10,86652,74,3.00,65393,28,0.00,36.4,44.4,343234,3,596376,-6.8
20,20,0,Coal India,Govt of India,145481,31.00,138252,26.00,28165,8,62.00,19.00,684,2.00,39922,4331,0.10,141210,50,15.00,57245,32,0.00,56.0,29.5,239210,5,147076,40.5
21,19,-2,Bharti Airtel,Mittal borthers & family,140834,15.00,139145,19.00,8346,35,96.00,6.00,19300,27.00,13419,226020,2.90,346215,24,26.00,77563,22,0.00,17.0,12.7,13708,85,482691,14.2
22,25,3,Mahindra & Mahindra,M&M Group,129004,37.00,121269,34.00,10282,25,56.00,8.00,5830,31.00,11273,92247,1.60,168041,44,18.00,56366,33,0.00,22.0,13.7,23495,49,170588,11.1
23,22,-1,Grasim Industries,Aditya Birla Group,122283,24.00,117627,23.00,6827,40,-10.00,6.00,6044,28.00,3713,103027,1.30,294144,29,18.00,78742,20,0.00,14.4,9.0,24455,46,115120,9.2
24,27,3,Maruti Suzuki India,MNC,120293,33.00,117571,33.00,8211,36,112.00,7.00,187,2.00,42,1247,0.00,65712,88,13.00,61791,31,0.00,11.5,13.9,16875,70,279340,12.3
25,23,-2,Nayara Energy,MNC,116240,19.00,117387,25.00,9426,30,923.00,8.00,2377,14.00,7924,13597,0.40,52858,98,8.00,30533,64,0.00,36.1,29.3,NAVL,NAP,NAP,NAP
26,21,-5,Steel Authority of India,Govt of India,111501,6.00,104448,1.00,2177,97,-82.00,2.00,2037,25.00,551,30773,0.60,95249,70,18.00,54747,36,0.00,3.6,5.3,59186,22,35798,5.9
27,26,-1,Canara Bank,Govt of India,111210,18.00,85885,22.00,11255,20,84.00,10.00,52990,NAP,141703,1237160,0.00,1381030,7,10.00,70565,24,0.00,16.4,0.9,84978,16,58001,36.4
28,29,1,Bank of Baroda,Govt of India,110778,26.00,94139,28.00,14905,16,90.00,13.00,49942,NAP,102373,1342592,0.00,1529216,5,14.00,105055,11,0.00,14.9,1.0,76513,17,95190,41.5
29,31,2,Axis Bank,Diversified,106155,23.00,87448,27.00,10818,21,-23.00,10.00,43389,NAP,108708,1152038,0.00,1344837,8,12.00,129782,9,0.00,14.6,0.9,91898,14,285160,14.6
30,30,0,HCL Technologies,Shiv Nadar,102881,19.00,101456,18.00,14851,17,10.00,14.00,353,2.00,14724,4794,0.10,72838,81,3.00,65405,27,0.00,23.3,27.6,121306,10,307528,26.6
31,28,-3,Punjab National Bank,Govt of India,99374,12.00,86845,14.00,3348,68,-13.00,3.00,51817,NAP,157328,1360496,0.00,1494898,6,12.00,94425,14,0.00,3.6,0.2,104120,12,62571,83.4
32,32,0,Union Bank of India,Govt of India,97079,19.00,81163,19.00,8512,33,62.00,9.00,48033,NAP,112599,1163059,0.00,1291949,9,8.00,72671,23,0.00,12.2,0.7,75594,18,55955,100.4
33,33,0,Wipro,Azim Premji,92738,14.00,90488,14.00,11350,19,-7.00,12.00,1008,6.00,9188,17467,0.20,98587,69,15.00,77668,21,0.00,15.9,17.1,248813,4,217633,-1.1
34,NAP,NEW,U.P. Power Corporation,Govt of Uttar Pradesh,90272,12.00,64461,13.00,-15859,499,0.00,NAP,8166,NAP,4981,79386,2.00,124691,57,-8.00,38769,52,0.00,NAP,0.0,NAVL,NAP,NAP,NAP
35,35,0,Bajaj Finserv,Bajaj Group,82073,20.00,82072,20.00,6417,41,41.00,8.00,12380,NAP,5377,212265,0.00,289863,31,27.00,46407,42,0.00,28.2,12.7,105,398,236812,-10.7
36,36,0,Samvardhana Motherson Intl.,Vivek Chaand Sehgal,79281,23.00,78701,23.00,1496,128,71.00,2.00,781,13.00,4699,13792,0.60,39783,116,5.00,22452,83,0.00,7.8,8.6,3976,199,55860,41.3
37,34,-3,Power Finance Corporation,Govt of India,77625,2.00,77568,2.00,15889,13,13.00,20.00,47017,NAP,4101,751158,0.00,863139,11,14.00,84158,18,0.00,27.2,9.4,500,376,52049,200.4
38,37,-1,ITC,Diversified,73398,16.00,70937,17.00,19192,11,26.00,26.00,78,0.00,4880,306,0.00,70604,83,11.00,69155,25,0.00,29.6,39.0,23725,48,505286,27.1
39,38,-1,Kotak Mahindra Bank,Uday Kotak,68142,16.00,42151,25.00,14925,15,23.00,22.00,14411,NAP,42925,418307,0.00,620645,16,14.00,111814,10,0.00,14.1,2.6,56115,24,362270,-8.7
40,NAP,R-E 2020,IFFCO,Co-operative sector,63386,46.00,60324,50.00,3053,75,62.00,5.00,728,26.00,3657,9770,0.60,33690,128,11.00,17409,102,0.00,19.2,18.7,NAVL,NAP,NAP,NAP
41,44,3,Hyundai Motor India,MNC,61572,28.00,60308,27.00,4709,54,62.00,8.00,142,2.00,17741,1189,0.10,23024,148,18.00,20055,92,0.00,25.5,30.5,NAVL,NAP,NAP,NAP
42,41,-1,Hindustan Unilever,MNC,61342,16.00,60580,16.00,10120,26,14.00,16.00,114,1.00,4678,1219,0.00,55050,96,3.00,50304,40,0.00,20.4,24.9,6697,151,603435,0.0
43,48,5,Tata Power Company,Tata Group,61080,32.00,55553,29.00,3336,69,92.00,5.00,4372,57.00,11207,52923,1.80,101041,64,14.00,28787,69,0.00,14.9,10.9,48444,27,70728,8.5
44,51,7,Petronet LNG,Govt of India,60560,39.00,59899,39.00,3326,70,-3.00,5.00,331,7.00,5686,3345,0.20,19424,159,7.00,15265,112,0.00,23.0,25.3,520,374,33562,-1.7
45,71,26,Interglobe Aviation,Rahul Bhatia,55883,110.00,54446,110.00,-306,475,0.00,NAP,3168,49.00,11840,44854,0.00,47948,103,37.00,-6247,496,0.00,NAP,0.0,32407,35,85374,39.1
46,46,0,Bank of India,Govt of India,55100,19.00,47932,25.00,3838,63,10.00,7.00,27441,NAP,84683,737209,0.00,828149,12,11.00,53478,39,0.00,7.5,0.5,52209,26,34638,58.9
47,39,-8,Adani Wilmar (**),Adani Group,54471,1.00,55448,7.00,582,262,-28.00,1.00,775,47.00,3724,2396,0.30,11175,220,2.00,8166,176,0.00,7.0,14.2,2600,262,57812,-53.5
48,50,2,Tech Mahindra,M&M Group,54255,19.00,53290,19.00,4831,53,-13.00,9.00,326,4.00,4255,2740,0.10,34327,126,2.00,27925,70,0.00,17.7,20.2,106222,11,108328,13.6
49,45,-4,UPL,R.D. Shroff,54210,16.00,53576,16.00,3570,66,-2.00,7.00,2963,30.00,6097,23985,0.80,60244,93,6.00,29844,65,0.00,16.2,15.2,7385,141,51436,-22.9
50,42,-8,Jindal Steel & Power,Savitri Devi Jindal,54194,4.00,53212,4.00,3174,72,-45.00,6.00,1446,17.00,4717,13046,0.30,53255,97,4.00,38707,53,0.00,13.3,14.2,8413,122,60767,27.7
51,49,-2,Indian Bank,Govt of India,52790,14.00,44985,16.00,5572,48,35.00,11.00,24717,NAP,50217,643216,0.00,714359,15,6.00,43400,48,0.00,13.0,0.8,41716,30,39776,76.4
52,47,-5,Power Grid Corporation of India,Govt of India,47857,3.00,45581,10.00,15417,14,-8.00,32.00,9634,25.00,7385,126661,1.50,214019,40,-1.00,83015,19,0.00,19.4,12.7,8710,118,164985,27.7
53,43,-10,GIC,Govt of India,47246,-5.00,46134,-6.00,6907,39,189.00,15.00,0,NAP,23702,0,0.00,67470,85,12.00,35996,59,0.00,20.3,14.5,449,378,31317,85.4
54,52,-2,Sun Pharmaceuticals Industries,Dilip Shanghvi,45081,13.00,43886,14.00,8474,34,159.00,19.00,172,1.00,5770,6886,0.10,67131,86,26.00,55995,34,0.00,16.5,16.8,19124,60,249054,10.5
55,55,0,IndusInd Bank,Hinduja Group,44541,17.00,36368,18.00,7444,37,55.00,17.00,18776,NAP,56777,385131,0.00,458236,19,14.00,54703,37,0.00,14.5,1.7,38179,32,97625,27.6
56,61,5,Avenue Supermarts,R.K. Damani,43470,38.00,42840,38.00,2379,93,59.00,5.00,67,2.00,1408,643,0.00,16729,166,17.00,16079,108,0.00,16.0,20.1,12108,99,239775,-13.1
57,70,13,Ashok Leyland,Hinduja Group,43132,62.00,42292,59.00,1241,158,0.00,3.00,2094,41.00,2187,31161,3.60,43021,109,29.00,8554,169,0.00,17.2,12.0,9603,111,46256,15.5
58,59,1,Titan Company,Tata Group,43118,27.00,40575,41.00,3250,71,50.00,8.00,300,6.00,1343,9367,0.80,21516,152,28.00,11851,134,0.00,31.0,24.8,7857,132,246902,18.8
59,60,1,Adani Power,Adani Group,43041,36.00,38773,40.00,10727,22,118.00,25.00,3334,33.00,1874,42181,1.40,76635,80,5.00,29629,66,0.00,37.2,13.8,2805,257,104830,14.2
60,54,-6,Vodafone Idea,MNC,42489,9.00,42177,10.00,-29301,500,0.00,NAP,23354,139.00,855,49411,0.00,170635,43,7.00,-74359,500,0.00,NAP,0.0,9226,113,36128,60.5
61,57,-4,New India Assurance Company,Govt of India,41073,14.00,41007,14.00,1048,183,439.00,3.00,0,NAP,12410,0,0.00,39353,119,-1.00,21115,88,0.00,5.2,3.7,12816,93,19437,58.4
62,56,-6,Nabard,Govt of India,39850,7.00,39482,7.00,5510,49,6.00,14.00,30370,NAP,16855,688909,0.00,802856,13,6.00,91289,15,0.00,6.1,0.7,3205,230,NAP,NAP
63,66,3,Ambuja Cements,Adani Group,39823,0.00,38937,0.00,2583,85,0.00,6.00,195,4.00,2961,523,0.00,39581,118,0.00,31698,62,0.00,8.5,10.7,4361,189,88244,-21.5
64,100,36,Adani Enterprises (**),Adani Group,39326,105.00,37790,165.00,2473,88,218.00,6.00,3970,47.00,5374,53200,1.60,100731,66,33.00,33051,61,0.00,8.9,9.1,2140,296,295287,-37.9
65,58,-7,Bajaj Auto,Bajaj Group,38273,7.00,36455,10.00,6060,43,-2.00,16.00,40,1.00,690,124,0.00,29521,136,-2.00,29362,68,0.00,20.5,26.5,9816,109,122929,46.3
66,69,3,Oil India,Govt of India,38067,39.00,36097,39.00,8729,32,55.00,23.00,901,6.00,3459,18832,0.50,62409,91,22.00,38481,54,0.00,28.6,26.1,6759,150,27439,68.5
67,NAP,R-E 2010,Bharat Sanchar Nigam,Govt of India,36891,94.00,19131,14.00,-8161,498,0.00,NAP,2565,NAP,2655,31233,0.50,100417,67,6.00,62963,30,0.00,NAP,0.0,NAVL,NAP,NAP,NAP
68,85,17,Jindal Stainless,Savitri Devi Jindal,36787,8.00,35697,9.00,2115,100,-31.00,6.00,325,9.00,931,3958,0.30,16425,169,15.00,11931,133,0.00,19.2,20.2,4688,180,23700,201.1
69,77,8,EID Parry (India),Murugappa Group,36431,52.00,35244,50.00,947,198,4.00,3.00,298,10.00,1466,1618,0.30,11206,219,19.00,6085,217,0.00,32.0,39.9,2230,290,9159,-23.7
70,63,-7,Asian Paints,Diversified,35279,14.00,34489,19.00,4106,60,36.00,12.00,144,2.00,844,1933,0.10,18695,162,17.00,15992,109,0.00,28.2,34.5,8056,129,295610,-4.4
71,65,-6,Hero MotoCorp,Munjal family,34894,16.00,34158,16.00,2810,81,21.00,8.00,105,3.00,423,568,0.00,17746,165,5.00,16656,105,0.00,17.2,23.1,9215,114,55674,21.1
72,96,24,Toyota Kirloskar Motor,MNC,34437,75.00,33734,72.00,1404,139,171.00,4.00,99,4.00,5674,3485,0.80,8556,249,13.00,4162,271,0.00,39.1,24.6,NAVL,NAP,NAP,NAP
73,72,-1,TVS Holdings,TVS-Venu Srinivasan,33954,31.00,33564,31.00,650,249,47.00,2.00,1424,34.00,3929,25789,8.00,32143,132,33.00,3241,314,0.00,32.1,13.4,1478,328,9888,41.0
74,76,2,TVS Motor Company,TVS-Venu Srinivasan,32253,31.00,31974,31.00,1329,145,76.00,4.00,1368,34.00,1879,22376,4.10,28554,138,35.00,5505,227,0.00,26.4,13.6,5459,167,58580,41.7
75,64,-11,MMTC-PAMP India,MNC,31719,4.00,31521,8.00,106,429,154.00,0.00,102,38.00,38,897,2.00,1398,486,41.00,455,476,0.00,26.4,20.6,NAVL,NAP,NAP,NAP
76,62,-14,Max Financial Services,Diversified,31431,1.00,31415,1.00,378,332,49.00,1.00,37,NAP,1044,523,0.00,4491,347,-10.00,3518,303,0.00,9.2,10.4,NAVL,NAP,26178,23.6
77,NAP,R-E 2021,National Fertilizer,Govt of India,30638,73.00,29617,87.00,458,304,0.00,1.00,308,29.00,16,3992,1.60,8511,250,15.00,2542,355,0.00,19.8,11.6,2964,247,3391,41.7
78,99,21,Shriram Finance,Shriram Group,30508,58.00,30492,58.00,6011,44,121.00,20.00,12987,NAP,16307,164804,0.00,208604,41,48.00,43513,47,0.00,17.3,12.1,64052,21,55258,66.5
79,73,-6,Central Bank of India,Govt of India,29821,15.00,25657,12.00,1679,119,56.00,6.00,13905,NAP,44102,368109,0.00,407888,21,5.00,25567,76,0.00,6.8,0.4,30770,37,27403,104.8
80,74,-6,Hindustan Aeronautics,Govt of India,29291,17.00,26927,9.00,5828,45,15.00,20.00,64,1.00,20317,52,0.00,36426,124,9.00,23572,78,0.00,27.2,18.8,24457,45,106071,52.3
81,67,-14,Indus Towers,Diversified,28960,3.00,28382,2.00,2040,102,-68.00,7.00,1670,18.00,22,19185,0.90,42740,110,-4.00,21110,89,0.00,9.4,10.2,3249,229,45957,0.3
82,82,0,Patanjali Foods (**),Patanjali Ayurved,28834,28.00,28238,28.00,886,209,10.00,3.00,245,19.00,1141,1376,0.10,11417,212,12.00,9847,152,0.00,11.1,13.2,3925,201,41434,1.7
83,124,41,Citibank N. A.,MNC,28719,96.00,14265,20.00,13614,18,265.00,47.00,3401,NAP,36269,155339,0.00,217555,38,-7.00,40722,49,0.00,38.6,6.0,NAVL,NAP,NAP,NAP
84,91,7,IDFC First Bank,Diversified,27195,34.00,22728,32.00,2485,87,"1,778.00",9.00,10091,NAP,13779,201682,0.00,240009,35,26.00,25848,75,0.00,9.4,1.2,35352,33,46324,44.8
85,84,-1,Yes Bank,Diversified,26827,20.00,22702,19.00,736,236,-31.00,3.00,14800,NAP,19356,295136,0.00,355204,23,11.00,40718,50,0.00,1.5,0.2,27517,41,48634,2.2
86,101,15,Chambal Fertilisers & Chemicals,K.K. Birla Group,26212,40.00,27773,73.00,1034,188,-34.00,4.00,320,18.00,58,3279,0.50,10433,228,-3.00,7068,199,0.00,15.4,16.4,1050,351,11887,-5.1
87,126,39,Torrent Power,Samir & Sudhir Mehta,26136,80.00,25725,80.00,2117,99,366.00,8.00,818,17.00,344,10541,1.00,23611,146,15.00,11010,142,0.00,20.7,17.7,8113,127,27991,53.8
88,83,-5,Dr. Reddys Laboratories,Dr. Reddy's Holdings,25691,14.00,24670,15.00,4507,56,107.00,18.00,143,2.00,1730,1347,0.10,24856,143,9.00,23286,80,0.00,21.2,26.0,24832,44,81261,15.5
89,79,-10,Aurobindo Pharma,P.V. Ramprasad Reddy,25556,11.00,24855,6.00,1928,106,-27.00,8.00,140,4.00,6084,5286,0.20,32352,131,17.00,26840,72,0.00,7.5,9.2,23453,50,37051,54.0
90,78,-12,IDBI Bank,Diversified,25208,8.00,20592,12.00,3706,64,46.00,15.00,9130,NAP,29352,267960,0.00,331806,25,10.00,38118,55,0.00,6.5,1.2,17850,66,60296,42.0
91,NAP,NEW,Tata AIA Life Insurance Company,Tata,24961,26.00,23681,24.00,506,282,615.00,2.00,0,NAP,779,976,0.40,71364,82,21.00,2711,341,0.00,20.6,0.9,NAVL,NAP,NAP,NAP
92,86,-6,Apollo Tyres,Onkar Kanwar,24935,14.00,24568,17.00,1105,177,73.00,4.00,551,17.00,846,6421,0.50,20406,155,1.00,12875,127,0.00,9.0,9.8,10331,106,22661,35.6
93,89,-4,Reliance Infrastructure,Diversified,24852,21.00,22303,13.00,-3221,495,0.00,NAP,2393,NAP,1376,11510,1.20,33513,129,-9.00,9294,156,0.00,NAP,0.0,5056,174,5166,28.3
94,88,-6,Bharat Heavy Electricals,Govt of India,23967,14.00,23365,10.00,477,293,7.00,2.00,612,76.00,6643,5454,0.20,41438,113,4.00,26828,73,0.00,1.5,2.4,45241,28,31599,71.3
95,92,-3,Indian Railway Finance Corporation,Govt of India,23933,18.00,23892,18.00,6337,42,4.00,26.00,17447,NAP,542,418935,0.00,464405,18,8.00,45470,43,0.00,14.7,5.3,NAVL,NAP,52439,227.6
96,90,-6,MRF,K.M. Mammen,23608,15.00,23009,19.00,769,231,15.00,3.00,326,14.00,258,3014,0.20,18171,163,2.00,14708,115,0.00,5.4,7.8,19050,61,40827,19.0
97,87,-10,Indian Overseas Bank,Govt of India,23523,9.00,19407,16.00,2104,101,23.00,9.00,11146,NAP,20821,281777,0.00,313450,26,5.00,22123,85,0.00,5.5,0.7,22045,52,54017,105.8
98,113,15,Godrej Industries,Godrej Group,23415,42.00,16740,18.00,975,194,49.00,4.00,943,62.00,2955,19642,2.50,34025,127,23.00,7984,177,0.00,16.4,9.7,1078,349,16187,54.3
99,80,-19,Cipla,Yusuf Hamied family,23325,2.00,22753,5.00,2802,82,11.00,12.00,110,2.00,1565,803,0.00,24785,144,11.00,23408,79,0.00,12.8,17.8,38955,31,85470,4.8
100,111,11,ACC,Adani Group,22761,0.00,22210,0.00,885,210,0.00,4.00,77,4.00,415,153,0.00,14473,181,0.00,14138,119,0.00,5.7,7.9,5472,166,37671,-23.9
101,95,-6,LIC Housing Finance,Govt of India,22728,14.00,22717,14.00,2891,79,26.00,13.00,16135,NAP,822,244913,0.00,272101,32,9.00,27185,71,0.00,11.1,7.6,2462,271,21734,27.5
102,103,1,Adani Ports & Special Economic Zone,Adani Group,22453,16.00,20852,22.00,5310,50,9.00,24.00,2363,24.00,4249,53136,1.20,102858,63,13.00,45417,44,0.00,14.7,9.4,1426,332,162118,-3.8
103,134,31,Rain Industries (**),Jagan Mohan Reddy,21731,43.00,21011,45.00,1439,133,148.00,7.00,524,15.00,1671,9731,1.20,19408,160,20.00,8427,171,0.00,21.7,16.3,NAVL,NAP,5539,-8.4
104,94,-10,Rail Vikas Nigam,Govt of India,21437,6.00,20282,5.00,1421,138,28.00,7.00,581,47.00,1853,6441,0.90,14380,182,8.00,7325,193,0.00,20.8,17.2,425,380,21836,270.9
105,112,7,Federal Bank,Diversified,20248,23.00,17812,24.00,3165,73,61.00,16.00,9975,NAP,17804,238850,0.00,268449,33,18.00,22117,86,0.00,15.4,1.3,12641,95,29392,5.4
106,68,-38,NMDC,Govt of India,20169,-28.00,17667,-32.00,5603,47,-41.00,28.00,75,1.00,7098,423,0.00,24464,145,16.00,22621,82,0.00,22.7,28.5,5713,163,35315,52.4
107,106,-1,UCO Bank,Govt of India,20123,12.00,17651,18.00,1862,109,100.00,9.00,10307,NAP,28728,269839,0.00,300702,27,12.00,22800,81,0.00,8.4,0.7,21698,54,34819,159.7
108,197,89,Sidbi,Govt of India,20035,98.00,19482,101.00,3931,61,82.00,20.00,13156,NAP,28604,400604,0.00,439252,20,58.00,29445,67,0.00,14.3,1.3,1037,352,NAP,NAP
109,98,-11,Reliance Capital,Diversified,19319,0.00,19037,-1.00,-1779,491,0.00,NAP,334,NAP,802,17651,0.00,6422,289,-18.00,-12065,498,0.00,NAP,0.0,NAVL,NAP,241,6.1
110,128,18,Skoda Auto Volkswagen India,MNC,19186,33.00,17042,37.00,310,363,49.00,2.00,230,55.00,1013,2566,0.50,10024,233,6.00,4960,246,0.00,6.3,10.2,NAVL,NAP,NAP,NAP
111,NAP,NEW,ICICI Lombard GIC,Diversified,18871,12.00,17876,12.00,1729,114,36.00,9.00,0,NAP,203,35,0.00,10641,226,9.00,10393,147,0.00,17.7,20.9,12865,91,60118,17.8
112,114,2,Bharat Electronics,Govt of India,18409,16.00,17734,15.00,2984,76,24.00,16.00,19,0.00,8112,61,0.00,14924,179,4.00,13862,120,0.00,22.5,27.0,8832,116,83036,25.8
113,115,2,Shree Cement,H.M. Bangur,18387,17.00,17852,19.00,1271,152,-46.00,7.00,263,9.00,161,2725,0.10,21608,151,9.00,18636,97,0.00,7.0,8.5,12566,97,89080,14.1
114,123,9,Cholamandalam Fin. Holdings,Murugappa Group,18376,25.00,18154,24.00,1290,149,26.00,7.00,5778,NAP,3164,97191,0.00,113449,59,37.00,7661,185,0.00,40.0,10.6,14424,82,14619,80.3
115,110,-5,Bandhan Bank,Diversified,18373,10.00,15905,15.00,2195,96,"1,645.00",12.00,6645,NAP,8250,132780,0.00,156030,47,12.00,19584,94,0.00,11.9,1.5,69702,19,37576,-6.4
116,107,-9,Tata Communications,Tata Group,18278,7.00,17838,7.00,1796,112,21.00,10.00,432,10.00,1063,8577,5.60,13530,187,1.00,1518,417,0.00,46.7,15.6,13426,88,41450,36.1
117,105,-12,Gujarat State Petronet,Govt of Gujarat,18255,1.00,18117,1.00,1642,120,0.00,9.00,70,2.00,1373,149,0.00,13056,191,14.00,9449,155,0.00,27.0,34.2,411,381,15610,20.3
118,116,-2,Bank of Maharashtra,Govt of India,18182,16.00,15899,22.00,2605,84,126.00,14.00,8157,NAP,18529,244830,0.00,267840,34,16.00,14317,117,0.00,19.4,1.0,12977,90,21951,111.1
119,93,-26,Allcargo Logistics,Shashi Kiran Shetty,18173,-10.00,18051,-10.00,630,254,-32.00,3.00,86,8.00,1309,1180,0.40,4319,355,-27.00,2814,334,0.00,21.9,20.5,739,365,8217,-13.2
120,138,18,Jindal Saw,Savitri Devi Jindal,18087,32.00,17868,34.00,632,253,54.00,3.00,638,39.00,213,4922,0.60,12520,196,-4.00,7923,182,0.00,5.8,10.1,7517,137,6958,486.2
121,118,-3,Piramal Enterprises,Ajay Piramal,17849,102.00,8981,16.00,9969,28,418.00,56.00,3994,NAP,4649,49583,0.00,80642,76,-13.00,31059,63,0.00,5.7,2.2,180,392,20889,14.3
122,131,9,Havells India,Anil Rai Gupta,17842,25.00,16911,21.00,1072,180,-10.00,6.00,55,4.00,1870,223,0.00,6997,277,4.00,6625,209,0.00,17.0,21.9,6822,149,79066,6.0
123,122,-1,Nestle India,MNC,17775,16.00,17423,15.00,2391,92,13.00,13.00,155,4.00,946,271,0.10,5952,304,8.00,2459,359,0.00,108.5,59.5,8069,128,203482,18.7
124,121,-3,Bombay Burmah Trading Corporation,Nusli Wadia,17393,16.00,16623,15.00,-1676,489,0.00,NAP,425,169.00,3658,6542,1.60,12455,198,-2.00,4034,280,0.00,NAP,17.6,3735,209,7036,62.7
125,145,20,NLC India,Govt of India,17369,32.00,16194,34.00,1396,140,28.00,8.00,1012,29.00,251,22333,1.50,46254,104,6.00,15169,113,0.00,15.8,12.4,3778,206,13757,81.3
126,132,6,HSBC,MNC,17334,21.00,15603,19.00,3453,67,8.00,20.00,6114,NAP,42653,232671,0.00,293281,30,18.00,35325,60,0.00,10.2,1.3,NAVL,NAP,NAP,NAP
127,141,14,Tata Chemicals,Tata Group,17275,28.00,17029,32.00,2317,95,84.00,13.00,406,11.00,665,6296,0.30,28864,137,4.00,19721,93,0.00,12.9,11.5,4328,190,25458,-13.7
128,136,8,Quess Corp,"Fairfax, Ajit Isaac",17238,25.00,17158,25.00,224,391,-7.00,1.00,110,19.00,566,1011,0.40,4016,368,8.00,2569,353,0.00,7.4,9.1,2534,266,6066,-21.3
129,135,6,KEC International,RPG Group,17214,24.00,17282,26.00,176,410,-47.00,1.00,656,69.00,344,3383,0.90,7179,272,7.00,3771,295,0.00,4.8,11.8,6429,156,13801,41.4
130,NAP,R-E 2012,Nuclear Power Corpn. of India,Govt of India,17211,2.00,14713,-3.00,5146,51,-20.00,30.00,685,13.00,651,76659,1.40,134097,52,15.00,55005,35,0.00,8.5,4.8,10652,105,NAP,NAP
131,104,-27,Zydus Lifesciences,Zydus Family Trust,17186,-5.00,17237,14.00,1960,104,-56.00,11.00,130,4.00,573,1195,0.10,21210,154,-10.00,17516,100,0.00,14.1,16.3,23026,51,52677,34.6
132,137,5,Tata Projects,Tata Group,17057,24.00,16948,24.00,-852,481,0.00,NAP,511,NAP,1312,3789,1.40,6635,283,15.00,2800,336,0.00,NAP,0.0,3139,235,NAP,NAP
133,129,-4,Britannia Industries,Nusli Wadia,16970,18.00,16301,15.00,2322,94,52.00,14.00,169,6.00,198,2997,0.80,6648,282,29.00,3534,300,0.00,66.6,48.2,4570,183,109059,23.4
134,NAP,NEW,National Insurance Company,Govt of India,16936,14.00,16932,14.00,-3865,496,0.00,NAP,0,NAP,726,895,0.00,3232,400,-52.00,-791,487,0.00,NAP,0.0,NAVL,NAP,NAP,NAP
135,146,11,APL Apollo Tubes,Rahul Gupta,16796,29.00,16166,24.00,642,250,4.00,4.00,67,7.00,352,873,0.30,4019,367,28.00,3006,324,0.00,23.5,26.0,1551,321,36376,41.8
136,133,-3,Siemens,MNC,16795,22.00,16138,22.00,1543,124,42.00,9.00,36,2.00,6584,0,0.00,12119,202,8.00,11610,136,0.00,13.9,14.8,8397,124,120607,16.7
137,NAP,NEW,Infiniti Retail,Tata,16737,82.00,15851,93.00,-957,484,0.00,NAP,515,NAP,14,2438,6.30,6451,287,71.00,389,479,0.00,NAP,0.0,NAVL,NAP,NAP,NAP
138,119,-19,Apollo Hospitals Enterprise,Prathap C Reddy family,16727,11.00,16613,13.00,819,221,-22.00,5.00,381,19.00,776,4332,0.70,11557,208,9.00,6190,214,0.00,15.0,14.2,17193,69,67678,17.7
139,108,-31,Lupin,D.B. Gupta family,16639,-1.00,16642,1.00,430,318,0.00,3.00,274,16.00,1293,4542,0.40,17789,164,4.00,12465,129,0.00,3.6,5.7,18971,62,38849,67.2
140,120,-20,Kalpataru Power Transmission,Munot family,16540,10.00,16361,11.00,441,314,-18.00,3.00,621,42.00,1060,3786,0.80,9437,238,-4.00,4721,252,0.00,8.6,12.3,7838,133,9010,37.4
141,130,-11,Bengal & Assam Company,JK Organisation,16309,14.00,16521,21.00,938,201,49.00,6.00,488,NAP,313,5185,0.00,12675,194,9.00,5513,226,0.00,9.0,11.1,NAVL,NAP,5053,161.8
142,NAP,R-E 2021,PTC India,Govt of India,16003,-5.00,15971,-5.00,446,311,-12.00,3.00,605,45.00,1942,6546,1.30,12456,197,-19.00,5019,244,0.00,10.4,9.8,104,399,3116,129.0
143,NAP,R-E 2013,Haldia Petrochemicals,The Chatterjee Group,15820,14.00,15878,25.00,-701,479,0.00,NAP,529,61.00,354,8023,0.60,23585,147,0.00,12999,126,0.00,NAP,0.0,NAVL,NAP,NAP,NAP
144,140,-4,CESC (#),RP-Sanjiv Goenka Group,15818,17.00,14246,14.00,1343,142,-1.00,8.00,1241,55.00,2588,14263,1.30,30549,134,0.00,10910,145,0.00,13.1,9.9,6469,155,10090,20.2
145,164,19,NCC,AVS Raju & Associates,15642,38.00,15553,40.00,609,256,26.00,4.00,515,36.00,709,974,0.20,7544,266,4.00,6167,215,0.00,11.0,19.7,5515,165,7338,105.0
146,156,10,Bosch,MNC,15542,25.00,14929,27.00,1426,137,17.00,9.00,12,1.00,2057,53,0.00,11245,216,2.00,11005,143,0.00,13.1,17.1,3124,237,54232,21.0
147,109,-38,Exide Industries,Rajan Raheja Group,15513,-8.00,15078,18.00,823,220,-81.00,5.00,79,5.00,140,588,0.10,11884,206,6.00,11132,140,0.00,7.6,10.6,5208,172,18149,56.6
148,167,19,Eicher Motors,Vikram Lal,15416,41.00,14442,40.00,2914,78,74.00,19.00,28,1.00,857,288,0.00,15829,171,21.00,14990,114,0.00,21.1,26.5,5002,175,91365,-5.6
149,150,1,Tube Investments of India,Murugappa Group,15356,21.00,14965,20.00,956,196,24.00,6.00,58,NAP,954,726,0.00,6131,298,32.00,3951,287,0.00,37.4,35.6,3038,241,54898,12.0
150,161,11,Kalyan Jewellers India,T.S. Kalyanaraman,15341,34.00,14071,30.00,433,317,93.00,3.00,353,31.00,982,4295,1.20,7968,261,11.00,3635,298,0.00,12.8,12.2,9478,112,15504,201.3
151,144,-7,Kama Holdings,Arun Bharat Ram,15211,15.00,15095,21.00,1254,156,31.00,8.00,204,NAP,625,4457,0.00,15285,176,22.00,5715,223,0.00,44.1,34.3,NAVL,NAP,8410,23.5
152,139,-13,Uflex,Ashok Chaturvedi,14957,10.00,14663,12.00,481,290,-56.00,3.00,473,30.00,1091,5704,0.80,13332,190,15.00,7506,187,0.00,8.3,10.3,7194,145,3349,-35.9
153,153,0,Adani Energy Solutions,Adani Group,14876,19.00,13293,18.00,1256,155,4.00,8.00,2781,62.00,1704,34270,2.90,48262,102,14.00,11662,135,0.00,11.9,10.2,5002,175,148405,-76.8
154,183,29,Apar Industries,Kushal Desai,14724,52.00,14352,54.00,638,251,148.00,4.00,344,27.00,530,376,0.20,2630,428,26.00,2236,376,0.00,32.3,50.8,1659,314,11746,258.2
155,NAP,NEW,ONGC Petro Additions,ONGC,14623,-11.00,14593,-9.00,-4155,497,0.00,NAP,2755,611.00,4,27002,43.50,27677,139,-3.00,621,466,0.00,NAP,0.0,NAVL,NAP,NAP,NAP
156,221,65,Indraprastha Gas,Govt of India,14607,80.00,14146,83.00,1640,121,9.00,11.00,27,1.00,2633,83,0.00,8096,257,4.00,7931,181,0.00,21.1,27.1,687,366,31495,-1.8
157,151,-6,Honda Cars India,MNC,14601,14.00,14190,14.00,1431,135,521.00,10.00,257,17.00,2071,2835,1.50,5242,322,40.00,1917,395,0.00,45.3,17.1,NAVL,NAP,NAP,NAP
158,125,-33,National Aluminium Company,Govt of India,14507,-1.00,14255,0.00,1435,134,-51.00,10.00,13,1.00,2118,105,0.00,13837,186,4.00,13126,124,0.00,11.2,13.7,1588,319,15602,38.2
159,152,-7,Tata Consumer Products,Tata Group,14469,15.00,13783,11.00,1204,163,29.00,8.00,87,5.00,2797,1600,0.10,19055,161,6.00,16255,106,0.00,7.7,9.7,3040,240,74179,21.0
160,147,-13,Standard Chartered Bank,MNC,14337,10.00,12314,16.00,4621,55,3.00,32.00,4105,NAP,15609,156074,0.00,228507,36,30.00,36986,57,0.00,13.3,2.3,NAVL,NAP,NAP,NAP
161,149,-12,Polycab India,Jaisinghani family,14206,10.00,14108,16.00,1270,153,40.00,9.00,60,3.00,695,191,0.00,6921,279,21.00,6631,208,0.00,21.1,28.1,3647,217,54454,84.2
162,159,-3,Mphasis,MNC,13960,15.00,13799,15.00,1638,122,14.00,12.00,97,4.00,1053,198,0.00,8907,246,7.00,7935,180,0.00,22.0,26.4,17754,67,39049,11.1
163,142,-21,BASF India,MNC,13892,4.00,13645,4.00,403,325,-32.00,3.00,14,2.00,367,106,0.00,2898,414,15.00,2701,343,0.00,16.0,20.6,3057,239,11013,-10.2
164,174,10,Tata Capital,Tata Group,13784,32.00,13422,32.00,2975,77,80.00,22.00,6601,NAP,3317,113541,0.00,131690,54,33.00,16959,104,0.00,20.6,9.2,NAVL,NAP,NAP,NAP
165,195,30,Aditya Birla Fashion & Retail,Aditya Birla Group,13782,50.00,12418,53.00,-36,459,0.00,NAP,536,34.00,701,6573,2.00,11421,211,49.00,3343,313,0.00,NAP,0.0,28390,39,22509,-38.8
166,160,-6,Dalmia Bharat,Dalmia Bharat Group,13655,18.00,13540,20.00,1035,187,27.00,8.00,234,9.00,285,3855,0.20,20005,157,2.00,15628,110,0.00,6.8,7.9,5642,164,37429,26.4
167,155,-12,Glenmark Pharmaceuticals,Saldanha family,13632,9.00,12990,6.00,297,369,-68.00,2.00,350,23.00,1470,4627,0.50,14864,180,10.00,9474,154,0.00,6.9,14.3,11719,102,16459,77.1
168,193,25,Varun Beverages,Ravi Jaipuria,13557,51.00,13173,49.00,1497,126,116.00,11.00,204,7.00,285,3884,0.80,9304,241,19.00,5102,239,0.00,33.8,26.4,8636,120,98090,60.5
169,218,49,Paradeep Phosphates,K.K. Birla Group,13441,62.00,13341,70.00,304,365,-24.00,2.00,291,36.00,110,4648,1.30,8178,255,57.00,3505,304,0.00,10.6,10.7,1476,330,4873,4.7
170,162,-8,Bharat Forge,Baba Kalyani,13353,17.00,12910,23.00,528,273,-51.00,4.00,299,18.00,1040,7313,1.10,15038,177,15.00,6706,206,0.00,6.9,7.3,3913,202,41346,21.3
171,154,-17,Godrej Consumer Products,Godrej Group,13271,6.00,13316,8.00,1702,117,-5.00,13.00,188,8.00,391,1130,0.10,15029,178,12.00,13794,121,0.00,13.4,16.4,382,384,99015,22.7
172,177,5,Cholamandalam Investment & Finance Company,Murugappa Group,13106,28.00,12884,27.00,2665,83,24.00,20.00,5748,NAP,3007,97358,0.00,111704,60,38.00,14346,116,0.00,20.5,9.7,13248,89,77454,50.0
173,171,-2,Shyam Metalics & Energy,M.P. Agarwal,12965,22.00,12610,21.00,858,216,-50.00,7.00,93,6.00,172,1161,0.20,8964,245,36.00,7162,198,0.00,13.1,15.0,3038,241,8797,46.7
174,184,10,National Stock Exchange Of India,Diversified,12854,42.00,11856,43.00,7355,38,42.00,57.00,0,NAP,11583,136,0.00,26044,141,30.00,20478,91,0.00,41.0,43.0,NAVL,NAP,NAP,NAP
175,NAP,R-E 2020,Afcons Infrastructure,Shapoorji Pallonji Group,12844,14.00,12637,15.00,411,322,15.00,3.00,447,34.00,377,1612,0.60,6952,278,3.00,2726,339,0.00,16.5,15.3,NAVL,NAP,NAP,NAP
176,102,-74,Intas Pharmaceuticals,Hasmukh Chudgar,12666,0.00,12105,0.00,1954,105,0.00,15.00,36,1.00,3106,42,0.00,16439,168,0.00,16143,107,0.00,12.8,15.0,NAVL,NAP,NAP,NAP
177,NAP,NEW,Gridco,Govt of Orissa,12471,17.00,11923,17.00,-413,477,0.00,NAP,502,NAP,251,6175,0.00,2749,421,-16.00,-4998,495,0.00,NAP,0.0,NAVL,NAP,NAP,NAP
178,173,-5,Aster DM Healthcare,Azad Moopen,12292,17.00,11933,16.00,425,320,-19.00,3.00,390,24.00,429,5700,1.40,11221,217,15.00,4074,277,0.00,12.4,9.2,4993,177,13459,26.4
179,205,26,LifeStyle International,Micky Jagtiani,12243,40.00,11672,50.00,700,241,160.00,6.00,493,23.00,170,0,0.00,6515,286,23.00,1939,393,0.00,42.5,24.2,NAVL,NAP,NAP,NAP
180,168,-12,Dixon Technologies,Sunil Vachani,12194,13.00,12192,14.00,256,382,34.00,2.00,64,12.00,229,444,0.30,1771,469,5.00,1285,436,0.00,22.4,23.6,1551,321,23632,16.4
181,172,-9,Star Health & Allied Insurance,Diversified,12102,14.00,12096,14.00,619,255,0.00,5.00,0,NAP,309,470,0.10,5927,306,11.00,5448,229,0.00,11.1,13.3,NAVL,NAP,34144,-23.5
182,165,-17,Dabur India,Burman family,12066,7.00,11530,6.00,1707,115,-2.00,14.00,78,4.00,326,1174,0.10,10685,225,12.00,8973,164,0.00,19.6,23.3,7727,135,97841,-3.3
183,169,-14,RBL Bank,Diversified,12056,12.00,9550,13.00,920,206,0.00,8.00,4679,NAP,8527,98206,0.00,115808,58,9.00,13525,122,0.00,7.1,0.8,10759,104,10891,70.7
184,158,-26,Muthoot Finance,Muthoot family,11975,-2.00,11898,-2.00,3612,65,-10.00,30.00,4225,NAP,8036,55804,0.00,77957,79,6.00,21666,87,0.00,18.1,12.1,26716,42,45587,27.7
185,196,11,Nirma,Karsanbhai Patel,11921,30.00,11349,27.00,909,208,157.00,8.00,211,11.00,802,3136,0.30,12707,193,7.00,9193,159,0.00,10.5,12.0,NAVL,NAP,NAP,NAP
186,178,-8,Pidilite Industries,B.K. Parekh,11917,17.00,11799,19.00,1273,151,5.00,11.00,48,2.00,327,391,0.10,7931,263,12.00,7212,196,0.00,18.9,24.2,7310,143,127320,-6.8
187,175,-12,DCM Shriram,"Ajay Shriram, Vikram Shriram",11917,15.00,11797,19.00,911,207,-15.00,8.00,53,3.00,974,1707,0.30,8174,256,11.00,6194,213,0.00,15.6,18.9,5803,160,13899,-13.6
188,258,70,Welspun Corp,B.K. Goenka,11792,79.00,9758,50.00,207,400,-53.00,2.00,243,50.00,1202,3345,0.70,8395,251,26.00,4713,253,0.00,3.2,6.4,2108,297,7092,109.5
189,207,18,Biocon,Kiran Mazumdar-Shaw,11704,35.00,11174,37.00,463,302,-29.00,4.00,419,20.00,2400,18019,1.00,45670,105,162.00,17866,99,0.00,6.6,5.7,3408,224,29896,-19.3
190,224,34,Deepak Fertilizers,C.K. Mehta,11671,48.00,11301,47.00,1210,162,78.00,10.00,195,9.00,499,3699,0.70,9016,244,33.00,5067,242,0.00,27.3,25.9,941,359,8037,-32.2
191,212,21,Uno Minda,Nirmal Minda,11607,36.00,11236,35.00,654,247,84.00,6.00,70,6.00,173,1395,0.30,6002,301,23.00,4156,272,0.00,18.4,18.7,6859,148,31522,7.0
192,192,0,Gujarat State Fert. & Chemicals,Govt of Gujarat,11571,23.00,11369,25.00,1266,154,41.00,11.00,15,1.00,1440,2,0.00,12356,199,1.00,12040,132,0.00,10.6,12.7,3024,243,6021,63.9
193,215,22,Export-Import Bank of India,Govt of India,11488,37.00,10939,37.00,1556,123,111.00,14.00,7483,NAP,2522,128423,0.00,161818,46,18.00,20783,90,0.00,7.8,1.0,357,385,NAP,NAP
194,180,-14,SIS,R. K. Sinha & Associates,11386,13.00,11346,13.00,346,342,7.00,3.00,115,23.00,751,1647,0.70,4161,362,13.00,2333,370,0.00,15.7,10.2,157569,8,5873,4.5
195,179,-16,NHPC,Govt of India,11386,12.00,10641,16.00,3890,62,10.00,34.00,523,8.00,2694,29540,0.80,78572,77,11.00,36899,58,0.00,11.8,8.1,4776,178,45191,26.5
196,163,-33,Alkem Laboratories,Singh family,11353,0.00,11599,9.00,984,193,-40.00,9.00,107,7.00,2617,1397,0.20,11376,213,-4.00,9045,162,0.00,11.4,12.5,16871,71,40502,17.4
197,187,-10,Ceat,RPG Group,11336,18.00,11315,21.00,186,408,161.00,2.00,242,26.00,72,2295,0.70,5819,308,4.00,3440,308,0.00,6.1,9.3,8207,126,7600,41.7
198,254,56,Prestige Estates Projects,Irfan Razack,11328,66.00,8315,30.00,942,200,-18.00,8.00,807,39.00,1815,9420,0.90,19864,158,16.00,9975,150,0.00,8.6,10.4,1292,342,20771,76.1
199,182,-17,United Spirits,MNC,11213,14.00,10612,9.00,1136,172,37.00,10.00,104,9.00,883,183,0.00,6195,296,13.00,6000,219,0.00,15.2,17.4,2957,248,64867,19.9
200,186,-14,Dilip Buildcon,Dilip Suryavanshi,11162,16.00,10644,11.00,1,455,0.00,0.00,901,94.00,426,6658,1.70,11207,218,-14.00,4002,282,0.00,-7.5,5.1,16751,73,3476,45.1
201,170,-31,Marico,Harsh Mariwala,11007,2.00,11024,5.00,1302,148,6.00,12.00,56,3.00,756,608,0.20,4854,337,24.00,3799,293,0.00,37.0,42.1,1756,304,67762,-1.3
202,206,4,JSW Energy,Savitri Devi Jindal,11006,26.00,10332,27.00,1478,129,-15.00,13.00,844,26.00,4014,25051,1.30,44279,107,64.00,18629,98,0.00,7.2,7.2,2310,282,48758,20.1
203,NAP,NEW,Summit Digitel Infrastructure,MNC,10989,12.00,10852,11.00,-3191,494,0.00,NAP,6123,145.00,577,49084,0.00,45600,106,11.00,-11646,497,0.00,NAP,0.0,NAVL,NAP,NAP,NAP
204,NAP,R-E 2021,Daimler India Commercial Vehicles,MNC,10750,25.00,10665,30.00,304,367,0.00,3.00,15,3.00,1562,96,0.00,3638,383,14.00,3140,318,0.00,4.5,4.4,NAVL,NAP,NAP,NAP
205,226,21,Ircon International,Govt of India,10736,37.00,10368,40.00,765,232,29.00,7.00,119,17.00,5123,1505,0.30,8336,253,15.00,5211,235,0.00,15.5,13.0,933,360,7829,211.2
206,194,-12,Berger Paints India,Dhingra brothers,10713,16.00,10568,21.00,859,215,3.00,8.00,99,7.00,245,1189,0.30,5783,310,15.00,4494,258,0.00,20.4,23.3,4088,195,61519,10.0
207,NAP,NEW,PNB MetLife India Insurance Company,MNC,10698,3.00,10608,5.00,112,427,0.00,1.00,0,NAP,169,400,0.30,40124,115,16.00,1453,421,0.00,6.7,0.4,NAVL,NAP,NAP,NAP
208,203,-5,Gujarat Narmada Valley Fertilizers & Chemicals,Govt of Gujarat,10674,21.00,10227,18.00,1472,130,-14.00,14.00,5,0.00,1994,2,0.00,10061,232,12.00,9105,161,0.00,17.1,20.4,2273,286,9070,3.5
209,189,-20,Nuvoco Vistas Corporation,Karsanbhai Patel,10623,11.00,10586,14.00,16,451,-51.00,0.00,512,64.00,203,4785,0.50,13896,184,-5.00,8839,165,0.00,4.7,1.9,2949,251,12745,-15.7
210,201,-9,PDS,D.K. Seth,10616,18.00,10577,20.00,265,379,7.00,2.00,89,19.00,729,719,0.70,1855,464,9.00,1054,450,0.00,30.5,23.9,180,392,4806,84.3
211,198,-13,Amara Raja Batteries,R.N. Galla,10420,15.00,10388,19.00,695,242,35.00,7.00,22,2.00,105,107,0.00,5633,314,16.00,5299,232,0.00,14.1,18.5,7993,130,10552,20.6
212,176,-36,Vardhman Textiles,Paul Oswal,10357,1.00,10137,5.00,795,225,-49.00,8.00,102,8.00,374,1678,0.20,10366,229,5.00,8563,168,0.00,9.9,11.6,3944,200,9832,1.7
213,NAP,NEW,TVS Supply Chain Solutions,TVS-Dinesh R (T S Rajam Group),10356,11.00,10235,11.00,40,446,0.00,0.00,198,29.00,1172,3324,4.60,4218,360,9.00,724,461,0.00,3.8,5.8,17913,64,9335,6.3
214,166,-48,HCC,Ajit Gulabchand,10343,-7.00,9857,-8.00,-28,457,0.00,NAP,1012,176.00,1154,5512,0.00,6633,284,128.00,-714,486,0.00,NAP,0.0,14332,83,2985,99.8
215,NAP,NEW,Tata AIG General Insurance Company,Tata,10242,25.00,10237,25.00,553,269,22.00,5.00,0,NAP,407,185,0.00,5104,325,9.00,3992,283,0.00,14.9,15.6,NAVL,NAP,NAP,NAP
216,204,-12,Jammu and Kashmir Bank,Diversified,10120,15.00,9355,17.00,1181,167,139.00,12.00,4609,NAP,8899,124919,0.00,145913,49,12.00,8615,166,0.00,15.2,0.9,12786,94,6401,164.4
217,200,-17,Balkrishna Industries,Arvind Poddar,10101,12.00,9760,18.00,1057,181,-26.00,10.00,48,3.00,76,3347,0.40,11060,221,16.00,7557,186,0.00,14.6,14.4,3472,220,43418,35.3
218,220,2,J K Cements,JK Group,9833,21.00,9720,22.00,426,319,-38.00,4.00,312,24.00,833,5292,1.10,10524,227,18.00,4687,255,0.00,9.3,9.7,3767,207,23644,12.1
219,188,-31,Macrotech Developers,M.P. Lodha,9611,1.00,9470,3.00,487,288,-60.00,5.00,482,54.00,1824,9051,0.70,22056,149,-8.00,12229,130,0.00,7.4,8.8,4200,194,56558,78.0
220,NAP,NEW,Supermarket Grocery Supplies (BigBasket),Tata,9579,11.00,9469,11.00,-1785,492,0.00,NAP,193,NAP,71,207,0.10,3329,396,13.00,2203,381,0.00,NAP,0.0,NAVL,NAP,NAP,NAP
221,211,-10,G R Infraprojects,VK Agarwal & Associates,9570,12.00,9482,12.00,1454,132,75.00,15.00,443,17.00,779,5697,0.90,11984,203,18.00,6265,210,0.00,26.3,21.7,16157,77,11361,-6.0
222,209,-13,Torrent Pharmaceuticals,Samir & Sudhir Mehta,9499,10.00,9620,13.00,1245,157,60.00,13.00,333,12.00,571,5369,0.90,11982,204,15.00,6198,212,0.00,20.5,19.5,17346,68,58351,17.6
223,202,-21,Gemini Edibles & Fats India (**),MNC,9497,6.00,9581,13.00,450,309,-41.00,5.00,263,42.00,5386,5522,2.50,7756,265,169.00,2234,377,0.00,20.6,16.3,NAVL,NAP,NAP,NAP
224,NAP,NEW,HDFC Ergo GIC,"HDFC, ERGO Intl",9459,15.00,9441,16.00,653,248,30.00,7.00,0,NAP,315,829,0.20,4775,342,16.00,3916,288,0.00,17.6,19.6,NAVL,NAP,NAP,NAP
225,181,-44,Gokul Agro Resources (**),K.J. Thakkar,9410,-5.00,9561,-2.00,132,421,8.00,1.00,95,34.00,332,484,0.70,1137,489,46.00,651,464,0.00,23.6,28.2,356,386,1661,-13.0
226,217,-9,Voltas,Tata Group,9394,13.00,9499,20.00,135,419,-73.00,1.00,30,14.00,708,651,0.10,6258,294,4.00,5452,228,0.00,4.5,9.5,1689,310,27335,-2.5
227,241,14,Hexaware Technologies,MNC,9379,29.00,9200,28.00,884,211,18.00,9.00,38,3.00,1303,457,0.10,4709,344,10.00,4123,274,0.00,22.4,25.9,NAVL,NAP,NAP,NAP
228,219,-9,Supreme Industries,Taparia family,9339,14.00,9202,18.00,865,214,-11.00,9.00,8,1.00,746,51,0.00,4482,349,14.00,4402,261,0.00,21.0,26.7,4220,193,39459,100.6
229,247,18,India Yamaha Motor,MNC,9261,31.00,9066,32.00,475,296,"1,138.00",5.00,17,2.00,302,60,0.00,2730,422,1.00,2548,354,0.00,20.4,26.1,NAVL,NAP,NAP,NAP
230,252,22,AU Small Finance Bank,Sanjay Agarwal,9240,34.00,8205,39.00,1428,136,26.00,15.00,3780,NAP,9425,75664,0.00,90216,72,31.00,10977,144,0.00,15.4,1.8,28320,40,45508,9.1
231,271,40,Shree Renuka Sugars,MNC,9224,47.00,9021,40.00,-197,471,0.00,NAP,591,105.00,185,5569,0.00,4756,343,2.00,-1971,491,0.00,NAP,0.0,1977,298,10473,-15.3
232,240,8,ABB India,MNC,9188,27.00,8568,24.00,1016,190,96.00,11.00,15,2.00,3149,33,0.00,4980,332,20.00,4939,247,0.00,17.0,22.9,3139,235,77748,29.6
233,243,10,Barclays Global Service Centre,MNC,9100,28.00,9039,28.00,809,224,37.00,9.00,150,10.00,543,959,1.20,3084,406,9.00,803,458,0.00,108.2,41.9,NAVL,NAP,NAP,NAP
234,322,88,Trent,Tata Group,9078,77.00,8242,83.00,445,312,320.00,5.00,409,37.00,86,4464,1.70,7204,271,0.00,2595,350,0.00,11.6,11.4,16586,74,56572,42.1
235,214,-21,Deutsche Bank,MNC,8994,7.00,8518,25.00,1467,131,0.00,16.00,3417,NAP,14468,89356,0.00,131841,53,-11.00,22312,84,0.00,6.8,1.0,NAVL,NAP,NAP,NAP
236,233,-3,Birla Corporation,M.P. Birla Group,8949,18.00,8682,16.00,41,445,-90.00,0.00,339,45.00,218,4462,0.90,11284,214,1.00,5059,243,0.00,0.9,3.8,6920,147,8162,34.3
237,230,-7,Endurance Technologies,Anurang Jain,8944,16.00,8804,17.00,480,292,4.00,5.00,21,2.00,288,515,0.10,5089,328,15.00,4412,260,0.00,11.5,13.7,3829,204,20772,22.5
238,208,-30,Mahindra CIE Automotive,MNC,8936,28.00,8753,29.00,-136,466,0.00,NAP,23,7.00,86,985,0.20,6305,292,-11.00,5099,240,0.00,NAP,14.0,4258,191,15981,60.9
239,222,-17,Punjab & Sind Bank,Govt of India,8933,11.00,7993,13.00,1313,147,26.00,15.00,5019,NAP,6297,118684,0.00,136537,51,13.00,14196,118,0.00,9.6,1.0,NAVL,NAP,21866,140.6
240,229,-11,Reliance Power,Anil Ambani,8920,16.00,7543,1.00,-471,478,0.00,NAP,2527,137.00,651,21236,1.80,36923,123,-4.00,11595,138,0.00,NAP,0.0,6581,153,5397,14.0
241,235,-6,Escorts Kubota,MNC,8873,18.00,8429,16.00,637,252,-14.00,7.00,13,2.00,472,57,0.00,8317,254,8.00,8187,175,0.00,8.1,10.6,13605,86,31082,53.2
242,256,14,Raymond,Gautam Singhania,8870,35.00,8215,33.00,529,272,103.00,6.00,257,24.00,326,2529,0.90,5646,312,14.00,2899,328,0.00,23.2,21.1,6682,152,10587,49.0
243,NAP,R-E 2021,Aegis Logistics,RK Chandaria,8865,89.00,8627,86.00,463,301,29.00,5.00,88,13.00,1265,1924,0.50,6028,300,91.00,3532,301,0.00,17.9,17.1,310,387,12350,-6.0
244,225,-19,NBCC (India),Govt of India,8857,12.00,8754,14.00,267,378,19.00,3.00,6,3.00,4919,0,0.00,2567,433,8.00,1945,391,0.00,21.7,23.8,1362,334,7817,105.1
245,237,-8,Edelweiss Financial Services,Rashesh Shah & Associates,8764,20.00,8500,19.00,344,344,82.00,4.00,2575,NAP,3699,21791,0.00,29638,135,-2.00,6744,205,0.00,6.1,10.2,NAVL,NAP,5566,108.1
246,199,-47,Indiabulls Housing Finance,Diversified,8728,-3.00,8719,-3.00,1130,173,-4.00,13.00,5636,NAP,5232,52403,0.00,69765,84,-11.00,17361,103,0.00,6.6,9.8,5316,168,6355,30.3
247,297,50,Adani Green Energy,Adani Group,8692,54.00,7792,52.00,974,195,99.00,11.00,2911,61.00,1984,54223,7.40,63283,90,11.00,7304,194,0.00,22.1,7.6,2912,253,185835,-57.1
248,223,-25,Concor,Govt of India,8645,8.00,8310,7.00,1174,169,11.00,14.00,65,3.00,3102,774,0.10,12230,201,5.00,11226,139,0.00,10.7,13.7,1328,337,41153,-8.5
249,234,-15,Kansai Nerolac Paints,MNC,8641,15.00,8521,18.00,474,297,32.00,5.00,29,4.00,127,160,0.00,4843,338,8.00,4534,257,0.00,10.8,14.3,3379,227,23791,-0.9
250,213,-37,Mankind Pharma,Juneja brothers,8600,2.00,8749,12.00,1282,150,-11.00,15.00,46,2.00,453,170,0.00,7917,264,9.00,7435,190,0.00,19.3,23.1,NAVL,NAP,67970,24.7
251,263,12,Suzlon Energy,Tulsi Tanti,8555,33.00,5971,-9.00,2849,80,0.00,33.00,421,51.00,367,1938,1.80,3225,401,6.00,1099,446,0.00,2.1,4.7,1451,331,18026,326.6
252,276,24,Mazagon Dock Shipbuilders,Govt of India,8514,39.00,7827,37.00,1119,174,83.00,13.00,9,1.00,13286,6,0.00,5329,320,16.00,4760,251,0.00,24.3,28.5,2982,245,24156,158.8
253,210,-43,Arvind,Sanjay Lalbhai,8507,-1.00,8382,5.00,405,324,70.00,5.00,192,26.00,77,1517,0.50,5025,331,1.00,3346,312,0.00,11.6,12.5,21341,56,3139,134.1
254,249,-5,IIFL Finance,Nirmal Jain & Associates,8447,20.00,8412,20.00,1500,125,26.00,18.00,3245,NAP,5839,40017,0.00,50220,101,18.00,8992,163,0.00,20.8,11.7,14937,80,19270,51.3
255,289,34,Persistent Systems,Anand Deshpande,8421,44.00,8351,46.00,921,205,33.00,11.00,47,3.00,903,655,0.20,4951,336,18.00,3965,284,0.00,25.1,28.2,19548,59,36652,68.8
256,257,1,Cummins India,MNC,8415,26.00,7772,26.00,1228,160,32.00,15.00,16,1.00,1386,376,0.10,6283,293,11.00,5758,222,0.00,22.5,26.9,3161,233,45330,30.7
257,311,54,One 97 Communications,Diversified,8400,60.00,7990,61.00,-1776,490,0.00,NAP,24,NAP,7040,223,0.00,13515,188,-8.00,13016,125,0.00,NAP,0.0,32798,34,45260,40.5
258,278,20,Blue Star,Ashok Advani,8365,36.00,7977,32.00,400,327,139.00,5.00,55,11.00,247,662,0.50,2052,456,28.00,1331,430,0.00,23.4,23.9,2855,255,14073,61.5
259,NAP,NEW,Pepsico India Holdings,MNC,8350,28.00,8203,28.00,268,377,543.00,3.00,41,6.00,777,89,0.00,4073,364,13.00,3497,305,0.00,6.2,9.9,NAVL,NAP,NAP,NAP
260,NAP,NEW,Patanjali Ayurved,Acharya Balkrishna,8327,-24.00,7538,-29.00,578,263,-22.00,7.00,276,39.00,25,3280,0.40,11259,215,4.00,7863,183,0.00,7.7,8.7,NAVL,NAP,NAP,NAP
261,431,170,Godrej Properties,Godrej Group,8251,138.00,2252,23.00,571,265,62.00,7.00,174,84.00,2016,6431,0.70,15739,172,13.00,9264,158,0.00,5.8,5.6,2391,278,38620,42.6
262,260,-2,Ashoka Buildcon,"Parakh, Katariya families",8237,27.00,8100,35.00,371,333,-52.00,5.00,1104,58.00,526,1909,1.10,13887,185,10.00,1755,408,0.00,26.6,13.5,2271,287,2533,81.8
263,265,2,Thermax,Anu Aga,8221,28.00,8090,32.00,450,310,44.00,5.00,38,6.00,1132,831,0.20,4820,339,21.00,3868,291,0.00,12.3,14.5,3767,207,28119,33.3
264,242,-22,Karnataka Bank,Diversified,8213,14.00,7220,16.00,1180,168,132.00,14.00,4035,NAP,6159,88931,0.00,99160,68,8.00,7702,184,0.00,16.5,1.2,8652,119,5376,84.2
265,251,-14,Deepak Nitrite,C.K. Mehta,8211,18.00,7972,17.00,852,217,-20.00,10.00,27,2.00,40,73,0.00,4193,361,14.00,4090,275,0.00,22.9,29.8,1560,320,27441,-12.5
266,284,18,The Ramco Cements,P.R. Venketrama Raja,8204,36.00,8157,36.00,315,361,-64.00,4.00,241,20.00,170,4507,0.70,11445,209,8.00,6861,203,0.00,5.1,6.5,3507,218,19114,38.4
267,436,169,Religare Enterprises,Diversified,8153,142.00,4679,45.00,3082,74,0.00,38.00,641,NAP,812,841,0.00,3518,385,-19.00,2058,386,0.00,-1.1,11.1,NAVL,NAP,5931,31.8
268,185,-83,Divis Laboratories,Murali K Divi,8089,-16.00,7768,-13.00,1823,110,-38.00,23.00,2,0.00,4213,3,0.00,12801,192,9.00,12767,128,0.00,14.9,19.3,7376,142,89733,-10.7
269,261,-8,Coforge,MNC,8077,25.00,8015,25.00,694,243,5.00,9.00,81,7.00,579,562,0.20,3931,375,5.00,3083,320,0.00,25.6,27.5,13465,87,27183,36.1
270,227,-43,Surya Roshni,J.P. Agarwal,8064,4.00,7997,3.00,336,347,64.00,4.00,45,7.00,2,418,0.20,2313,448,4.00,1864,402,0.00,19.7,22.3,3310,228,4085,163.7
271,232,-39,South Indian Bank,Diversified,8045,6.00,7233,10.00,775,230,"1,630.00",10.00,4221,NAP,7080,98644,0.00,108009,62,8.00,6675,207,0.00,12.3,0.7,9653,110,4044,71.9
272,238,-34,PNC Infratech,P.K. Jain,8037,10.00,7956,10.00,658,246,13.00,8.00,470,29.00,706,6282,1.50,11422,210,22.00,4285,266,0.00,16.6,13.7,8320,125,8125,29.2
273,437,164,Oberoi Realty,Vikas Oberoi,8021,138.00,4193,56.00,1905,107,82.00,24.00,169,8.00,513,3944,0.30,16401,170,21.00,12210,131,0.00,16.8,16.0,896,362,35203,32.9
274,259,-15,Team Lease Services,"Sabharwal, Reddy",7923,22.00,7870,21.00,111,428,190.00,1.00,6,5.00,248,100,0.10,1047,494,18.00,808,457,0.00,14.9,12.7,1189,344,4122,-16.6
275,191,-84,Welspun India,B.K. Goenka,7921,-17.00,8094,-13.00,199,403,-67.00,3.00,130,17.00,181,2462,0.60,7068,276,-9.00,4088,276,0.00,5.0,5.9,15324,78,9263,90.0
276,NAP,NEW,Waaree Energies,Hitesh Doshi & family,7867,172.00,6751,137.00,483,289,538.00,6.00,82,10.00,1736,320,0.20,2579,432,205.00,1838,404,0.00,44.2,44.8,NAVL,NAP,NAP,NAP
277,346,69,GMR Power & Urban Infra,G.M. Rao family,7866,73.00,5525,35.00,1183,166,0.00,15.00,1350,344.00,1104,8216,0.00,5987,303,-29.00,-2621,493,0.00,NAP,10.0,120,397,1367,33.1
278,327,49,Zomato,Diversified,7804,55.00,7079,69.00,-971,485,0.00,NAP,49,NAP,1017,507,0.00,20058,156,21.00,19460,95,0.00,NAP,0.0,3440,221,61981,87.1
279,244,-35,Polyplex Corporation,Sanjiv Saraf,7747,9.00,7652,16.00,348,341,-39.00,4.00,35,4.00,980,799,0.20,6593,285,5.00,3483,306,0.00,18.1,17.4,950,358,4318,-36.6
280,216,-64,Jain Irrigation Systems,Bhavarlal Jain family,7725,-7.00,6908,-9.00,828,218,155.00,11.00,469,85.00,141,3967,0.80,9289,242,-13.00,5181,236,0.00,19.2,4.0,6551,154,2606,63.3
281,328,47,GMR Airports Infrastructure,G.M. Rao family,7677,53.00,6693,45.00,-179,468,0.00,NAP,2343,136.00,4021,32157,0.00,38633,122,18.00,-793,488,0.00,NAP,0.0,137,395,27729,49.7
282,267,-15,Karur Vysya Bank,Diversified,7675,21.00,6517,17.00,1106,176,64.00,14.00,3168,NAP,4695,78070,0.00,90298,71,13.00,8584,167,0.00,13.7,1.3,7402,140,9110,51.2
283,NAP,NEW,Indian Potash (**),Govt of India,7640,29.00,7323,569.00,1874,108,16.00,25.00,696,64.00,1401,3984,0.50,12296,200,5.00,8240,174,0.00,26.1,28.3,NAVL,NAP,NAP,NAP
284,290,6,United Breweries,MNC,7601,30.00,7500,28.00,304,366,-17.00,4.00,5,1.00,395,16,0.00,4008,369,1.00,3965,285,0.00,7.7,10.6,1492,327,40865,-2.3
285,295,10,Sonata Software,Rajan Raheja Group,7546,34.00,7449,34.00,452,307,20.00,6.00,19,3.00,730,591,0.50,2341,445,76.00,1301,434,0.00,37.7,33.5,3705,211,11947,138.6
286,248,-38,Delhivery,Diversified,7542,7.00,7225,5.00,-1008,486,0.00,NAP,89,NAP,645,923,0.10,10152,231,43.00,9177,160,0.00,NAP,0.0,20398,57,26987,4.4
287,293,6,Electrosteel Castings,P.K. Khaitan,7520,31.00,7276,38.00,316,360,-9.00,4.00,286,39.00,412,2667,0.60,7158,274,-1.00,4383,262,0.00,7.5,9.8,2834,256,2947,119.9
288,236,-52,Jaiprakash Associates,Jaiprakash Gaur,7489,21.00,7263,26.00,-1342,488,0.00,NAP,1056,NAP,497,16458,0.00,27254,140,2.00,-1251,490,0.00,NAP,0.0,5774,161,2288,91.3
289,262,-27,Prism Johnson,Rajan Raheja Group,7405,14.00,7361,17.00,-103,462,0.00,NAP,197,54.00,327,1651,1.40,3756,380,-5.00,1207,442,0.00,NAP,0.5,3785,205,6039,14.1
290,255,-35,RPSG Ventures (#),RP-Sanjiv Goenka Group,7332,8.00,7166,7.00,-153,467,0.00,NAP,552,69.00,488,3414,1.40,10991,222,1.00,2405,364,0.00,NAP,7.2,NAVL,NAP,1419,11.5
291,303,12,LT Foods,Gurucharan Dass Arora,7296,35.00,6936,28.00,403,326,38.00,6.00,82,12.00,39,1221,0.40,4032,365,16.00,2757,338,0.00,17.8,17.6,1149,346,4401,60.7
292,NAP,NEW,Piramal Pharma,Ajay Piramal,7292,7.00,7082,8.00,-186,469,0.00,NAP,344,55.00,308,5637,0.80,12612,195,15.00,6774,204,0.00,NAP,1.9,4644,181,12051,-38.8
293,270,-23,Hatsun Agro Product,R. G. Chandramogan,7217,14.00,7247,14.00,166,412,-24.00,2.00,126,18.00,42,1793,1.20,3269,397,6.00,1441,423,0.00,13.0,11.1,5310,169,21444,20.1
294,292,-2,Motherson Sumi Wiring India,Vivek Chaand Sehgal,7149,24.00,7057,25.00,487,287,19.00,7.00,28,4.00,37,373,0.30,1747,472,21.00,1331,431,0.00,39.8,42.7,3091,238,25091,1.7
295,NAP,NEW,Allied Blenders & Distillers,Kishore R. Chhabria,7145,-1.00,7106,-1.00,5,454,-17.00,0.00,135,72.00,53,772,1.80,1223,488,-4.00,424,477,0.00,1.2,11.6,NAVL,NAP,NAP,NAP
296,250,-46,Hudco,Govt of India,7086,1.00,7082,1.00,1701,118,-1.00,24.00,4507,NAP,69,62905,0.00,78349,78,3.00,15444,111,0.00,11.4,8.8,673,367,11629,106.3
297,363,66,Amber Enterprises India,Jasbir Singh,7037,66.00,6927,65.00,157,414,44.00,2.00,112,27.00,559,1455,0.80,3485,387,20.00,1909,397,0.00,9.0,10.5,1615,317,7497,54.3
298,342,44,Triveni Engineering,Dhruv Sawhney,7026,51.00,5617,31.00,1792,113,323.00,26.00,57,9.00,80,929,0.30,3651,382,4.00,2665,345,0.00,23.3,17.3,4376,188,6739,39.0
299,306,7,Paul Merchants,Sat Paul Bansal,7019,31.00,7012,31.00,44,444,10.00,1.00,20,NAP,28,307,0.00,821,496,37.00,511,472,0.00,9.0,11.2,NAVL,NAP,156,68.8
300,288,-12,Schaeffler India,MNC,7016,20.00,6867,24.00,879,212,40.00,13.00,5,0.00,1555,57,0.00,4346,352,17.00,4286,265,0.00,22.2,29.3,1635,315,46012,-2.0
301,302,1,Crompton Greaves Consumer Electricals,Diversified,7002,29.00,6870,27.00,463,300,-20.00,7.00,109,14.00,109,1005,0.40,4257,358,-16.00,2660,346,0.00,18.6,17.9,2190,294,19479,-20.3
302,383,81,Solar Industries India,Satyanarayan Nuwal,6991,74.00,6923,75.00,757,235,72.00,11.00,90,7.00,260,1195,0.50,3948,373,36.00,2610,347,0.00,35.9,36.1,1781,303,37274,40.1
303,308,5,Brakes India,TVS-S. Viji,6983,28.00,6869,30.00,516,276,47.00,7.00,115,14.00,114,875,0.30,3694,381,-7.00,2597,349,0.00,18.8,19.4,NAVL,NAP,NAP,NAP
304,358,54,JK Paper,JK Organisation,6980,60.00,6772,60.00,1196,164,120.00,17.00,222,11.00,52,2741,0.70,7171,273,14.00,4034,279,0.00,34.4,28.1,2788,258,6369,-1.6
305,287,-18,Varroc Engineering,Tarang Jain & Others,6941,17.00,6863,17.00,-820,480,0.00,NAP,190,NAP,327,1806,1.90,2871,415,-23.00,976,452,0.00,NAP,0.0,3669,214,5061,57.0
306,280,-26,KEI Industries,Anil Gupta,6932,14.00,6912,21.00,477,294,27.00,7.00,35,5.00,537,162,0.10,2766,418,11.00,2589,351,0.00,20.2,25.7,1705,306,18150,61.2
307,264,-43,Whirlpool of India,MNC,6931,8.00,6668,8.00,219,395,-61.00,3.00,15,4.00,1681,112,0.00,4029,366,3.00,3520,302,0.00,6.5,8.2,2377,279,18592,6.6
308,253,-55,Culver Max Entertainment,MNC,6912,1.00,6685,-1.00,1042,186,11.00,15.00,11,1.00,3030,0,0.00,8346,252,14.00,8286,173,0.00,15.3,17.5,NAVL,NAP,NAP,NAP
309,283,-26,IVL Dhunseri Petrochem Industries,"Indorama, Dhunseri",6843,13.00,6966,17.00,364,337,11.00,5.00,31,6.00,293,162,0.10,1557,475,-1.00,1375,428,0.00,28.5,33.3,NAVL,NAP,NAP,NAP
310,272,-38,Sterlite Technologies,Anil Agarwal,6836,17.00,6925,27.00,141,416,135.00,2.00,311,40.00,507,3834,1.80,5988,302,7.00,2091,384,0.00,6.3,11.0,3140,234,6440,-15.6
311,NAP,NEW,Tata Cummins,Tata,6822,32.00,6773,33.00,460,303,50.00,7.00,10,1.00,55,1056,0.70,2754,420,-1.00,1473,420,0.00,31.1,22.4,NAVL,NAP,NAP,NAP
312,NAP,NEW,Jamnagar Utilities & Power,Mukesh Ambani,6791,8.00,4738,2.00,1193,165,-41.00,18.00,1381,38.00,935,11059,0.40,43860,108,12.00,26150,74,0.00,5.2,7.9,NAVL,NAP,NAP,NAP
313,231,-82,Alok Industries,Mukesh Ambani & JM Financial,6779,-11.00,6937,-5.00,-880,482,0.00,NAP,501,NAP,60,23922,0.00,5373,319,-18.00,-18900,499,0.00,NAP,0.0,NAVL,NAP,7593,8.2
314,NAP,NEW,RSPL,Murlidhar Gyanchandani,6767,4.00,6681,5.00,562,268,-14.00,8.00,145,12.00,171,1686,0.40,5787,309,3.00,3827,292,0.00,15.6,17.7,NAVL,NAP,NAP,NAP
315,279,-36,Manappuram Finance,V.P. Nandakumar,6750,10.00,6684,10.00,1496,127,13.00,22.00,2188,NAP,3035,29167,0.00,38832,121,17.00,9645,153,0.00,16.7,11.8,30612,38,10533,36.2
316,298,-18,PI Industries,Mayank Singhal,6728,20.00,6492,23.00,1230,159,46.00,18.00,39,3.00,2243,47,0.00,7291,270,13.00,7199,197,0.00,18.5,21.6,3384,226,51839,7.8
317,281,-36,Sterlite Power Transmission,Anil Agarwal,6710,11.00,6297,21.00,-40,460,0.00,NAP,726,93.00,1438,4649,3.10,6827,281,54.00,1494,418,0.00,NAP,14.6,NAVL,NAP,NAP,NAP
318,NAP,R-E 2018,DBS Bank India,MNC,6705,29.00,5710,32.00,228,387,37.00,3.00,3353,NAP,8276,89151,0.00,111565,61,32.00,10282,148,0.00,2.2,0.2,NAVL,NAP,NAP,NAP
319,268,-51,IRB Infrastructure Developers,Virendra Mhaiskar,6703,5.00,6402,10.00,720,238,99.00,11.00,1521,49.00,2417,16748,1.30,40830,114,0.00,13379,123,0.00,5.6,6.4,NAVL,NAP,17143,48.5
320,269,-51,Fortis Healthcare,MNC,6694,6.00,6537,10.00,589,260,6.00,9.00,129,12.00,363,926,0.10,10768,224,3.00,7242,195,0.00,6.8,7.5,2975,246,22390,18.1
321,NAP,NEW,Belrise Industries,Shrikant Badve,6667,23.00,6578,22.00,310,362,18.00,5.00,250,29.00,141,2353,1.20,4486,348,1.00,2042,388,0.00,16.4,13.5,NAVL,NAP,NAP,NAP
322,313,-9,KPR Mill,K.P. Ramasamy family,6635,27.00,6208,28.00,814,223,-3.00,12.00,79,6.00,113,1348,0.40,5075,329,15.00,3707,297,0.00,23.6,24.5,21819,53,21155,44.4
323,365,42,Kirloskar Industries,Kirloskar Group,6602,57.00,6493,70.00,224,392,16.00,3.00,97,NAP,202,979,0.30,5902,307,12.00,3073,321,0.00,17.0,19.9,NAVL,NAP,2631,74.8
324,239,-85,Aarti Industries,Chandrakant Gogri,6554,4.00,6619,9.00,545,271,-54.00,8.00,168,15.00,201,2907,0.60,8045,258,10.00,4920,248,0.00,11.6,10.1,2762,259,19410,-36.4
325,299,-26,JK Lakshmi Cement,JK Organisation,6550,18.00,6452,19.00,359,338,-23.00,5.00,133,16.00,339,1880,0.70,5095,326,7.00,2804,335,0.00,13.9,13.6,1699,307,8441,30.6
326,274,-52,PNB Housing Finance,Govt of India,6530,5.00,6527,5.00,1046,185,25.00,16.00,3900,NAP,3796,53621,0.00,64635,89,3.00,11014,141,0.00,10.0,8.3,1690,309,12698,109.0
327,301,-26,Black Box,Essar Group,6462,18.00,6288,17.00,24,449,-67.00,0.00,111,53.00,210,628,2.10,1060,492,22.00,296,481,0.00,11.2,15.4,443,379,2589,64.8
328,NAP,NEW,Hero Fincorp,Munjal family,6448,34.00,6446,34.00,480,291,0.00,7.00,2205,NAP,791,36680,0.00,41928,112,25.00,5243,233,0.00,9.6,7.8,NAVL,NAP,NAP,NAP
329,245,-84,Trident,Rajinder Gupta,6415,-10.00,6332,-10.00,441,315,-47.00,7.00,80,8.00,365,1442,0.30,5640,313,4.00,4193,270,0.00,11.0,11.9,13750,84,17180,0.3
330,416,86,Mahanagar Gas,Govt of India,6412,76.00,6299,77.00,790,228,32.00,12.00,9,1.00,228,115,0.00,4283,357,15.00,4134,273,0.00,20.4,26.6,509,375,9713,20.5
331,228,-103,Jayaswal Neco Inds.,Arbind Jayaswal,6392,-18.00,6343,6.00,227,388,-90.00,4.00,453,62.00,283,3414,1.70,5472,317,-4.00,2058,387,0.00,9.5,8.2,4252,192,2585,48.6
332,273,-59,Jubilant Pharmova,Jubilant Bhartia Group,6373,3.00,6282,2.00,-61,461,0.00,NAP,188,26.00,1014,3677,0.70,9431,239,10.00,5399,230,0.00,NAP,3.1,1034,353,5888,8.3
333,285,-48,Ipca Laboratories,Premchand Godha,6269,4.00,6244,7.00,471,298,-47.00,8.00,48,5.00,1853,1481,0.30,7444,268,16.00,5842,220,0.00,8.7,11.6,16167,76,21142,7.0
334,291,-43,Bajaj Hindusthan Sugar,Shishir Bajaj,6256,8.00,6338,14.00,-135,465,0.00,NAP,210,80.00,23,4292,1.00,8858,247,23.00,4424,259,0.00,NAP,0.0,7493,138,2193,175.2
335,338,3,Jai Balaji Industries,Aditya Jajodia,6211,31.00,6125,31.00,58,441,20.00,1.00,89,35.00,51,860,1.50,1446,483,-4.00,556,471,0.00,6.7,6.7,3675,213,2253,1248.0
336,332,-4,Mukand,Niraj Bajaj,6186,24.00,5568,20.00,172,411,-3.00,3.00,177,NAP,42,1499,1.80,2422,439,-12.00,854,455,0.00,-50.9,-8.1,1607,318,1986,59.1
337,412,75,Great Eastern Shipping Company,K.M. Sheth,6171,68.00,5690,62.00,2575,86,309.00,42.00,343,11.00,3799,3649,0.40,14230,183,9.00,10275,149,0.00,28.1,21.3,230,389,10023,51.3
338,372,34,Gujarat Fluorochemicals,Vivek Jain,6164,50.00,5685,44.00,1329,144,69.00,22.00,117,6.00,161,1515,0.30,7089,275,22.00,5521,225,0.00,27.1,29.4,3418,222,33592,-27.9
339,294,-45,ISGEC Heavy Engineering,Ranjit Puri,6128,7.00,6399,16.00,196,404,81.00,3.00,91,19.00,211,1235,0.50,3921,376,5.00,2304,372,0.00,9.3,10.2,2869,254,4211,44.5
340,340,0,Cyient,BVR Mohan Reddy & Associates,6085,30.00,6016,33.00,514,277,-2.00,8.00,100,10.00,719,1218,0.40,4970,334,28.00,3467,307,0.00,15.6,17.6,12014,100,13555,131.0
341,369,28,KRBL,Anil Mittal,6070,46.00,5363,27.00,701,240,53.00,12.00,15,2.00,48,250,0.10,4952,335,17.00,4693,254,0.00,16.0,20.8,2541,265,9019,-1.0
342,314,-28,Laurus Labs,Satyanarayana Chava,6025,16.00,6041,22.00,790,227,-5.00,13.00,165,10.00,48,2015,0.50,6362,291,19.00,4038,278,0.00,21.6,21.8,5753,162,19505,-23.5
343,277,-66,DLF,K.P. Singh family,6012,-2.00,5695,0.00,2036,103,36.00,34.00,392,23.00,2275,3334,0.10,42232,111,1.00,37688,56,0.00,3.0,4.5,2417,274,109557,56.0
344,315,-29,Shipping Corporation of India,Govt of India,5978,16.00,5794,16.00,870,213,1.00,15.00,185,12.00,554,2605,0.40,9576,236,4.00,6902,202,0.00,13.3,10.4,566,371,5612,37.5
345,282,-63,Emcure Pharmaceuticals,Satish & Sunil Mehta,5965,-2.00,5986,2.00,562,267,-20.00,9.00,214,18.00,458,2195,0.90,5065,330,15.00,2501,356,0.00,25.0,20.9,NAVL,NAP,NAP,NAP
346,447,101,Indian Hotels Co,Tata Group,5961,85.00,5810,90.00,1003,192,0.00,17.00,236,13.00,1053,3139,0.40,11925,205,2.00,7982,178,0.00,12.8,13.6,5296,170,50782,15.9
347,307,-40,Oracle Fin. Services Software,MNC,5890,10.00,5698,9.00,1806,111,-4.00,31.00,13,1.00,5470,69,0.00,7996,259,5.00,7459,188,0.00,24.8,33.1,8593,121,30565,41.1
348,318,-30,Jaiprakash Power Ventures,Jaiprakash Gaur,5887,15.00,5787,25.00,55,442,-48.00,1.00,560,50.00,180,4735,0.50,15488,174,-2.00,10446,146,0.00,0.4,4.1,1739,305,4929,54.5
349,398,49,Go Digit General Insurance,"Fairfax, Kamesh Goyal",5886,53.00,5885,53.00,36,448,0.00,1.00,0,NAP,279,0,0.00,2441,438,23.00,2352,366,0.00,1.4,1.4,NAVL,NAP,NAP,NAP
350,333,-17,India Cements,N Srinivasan,5884,20.00,5608,15.00,-127,464,0.00,NAP,242,NAP,65,2945,0.60,9496,237,-4.00,5337,231,0.00,NAP,-3.6,1855,301,6645,-15.0
351,296,-55,Godawari Power & Ispat,B.L. Agrawal,5864,4.00,5753,7.00,793,226,-46.00,14.00,20,2.00,800,317,0.10,4298,356,10.00,3905,289,0.00,22.0,27.5,2995,244,6229,131.5
352,NAP,R-E 2019,Philips India,MNC,5862,0.00,5734,5.00,260,380,-2.00,4.00,26,7.00,212,120,0.10,1760,470,-38.00,1234,439,0.00,14.8,15.1,NAVL,NAP,NAP,NAP
353,386,33,Zuari Agro Chemicals,K.K. Birla Group,5829,47.00,4553,27.00,477,295,265.00,8.00,205,NAP,427,2108,1.30,4241,359,21.00,1581,415,0.00,8.2,9.6,NAVL,NAP,629,-11.1
354,349,-5,PCBL (#),RP-Sanjiv Goenka Group,5819,29.00,5774,30.00,442,313,4.00,8.00,53,7.00,96,1029,0.40,3880,377,14.00,2830,332,0.00,16.2,17.5,1178,345,5400,64.4
355,351,-4,Maharashtra Seamless,D.P. Jindal,5808,30.00,5716,36.00,765,233,11.00,13.00,38,4.00,56,244,0.10,5091,327,8.00,4770,250,0.00,17.6,19.6,1677,311,5904,88.7
356,NAP,NEW,RR Kabel,Kabra family,5798,27.00,5599,28.00,190,406,-11.00,3.00,43,13.00,81,580,0.40,2016,458,13.00,1420,425,0.00,14.2,15.7,NAVL,NAP,15312,16.1
357,326,-31,Sundram Fasteners,TVS-Suresh Krishna,5773,14.00,5663,16.00,495,285,8.00,9.00,40,5.00,87,730,0.20,3785,379,10.00,3016,323,0.00,17.8,19.5,2957,248,22954,37.1
358,NAP,R-E 2018,Nagarjuna Fertilizers & Chemicals,Nagarjuna Group,5730,111.00,5642,110.00,-900,483,0.00,NAP,526,NAP,40,2842,0.00,848,495,-42.00,-2070,492,0.00,NAP,0.0,866,364,577,9.5
359,NAP,NEW,SMFG India Credit Company,MNC,5712,40.00,5673,39.00,710,239,859.00,12.00,2122,NAP,2733,33725,0.00,38941,120,53.00,5215,234,0.00,14.7,9.5,NAVL,NAP,NAP,NAP
360,NAP,R-E 2021,Oravel Stays,Ritesh Agarwal,5619,10.00,5464,14.00,-1172,487,0.00,NAP,682,NAP,1677,5335,3.40,5952,305,-7.00,1591,413,0.00,NAP,0.0,NAVL,NAP,NAP,NAP
361,350,-11,Electronics Mart India,Pavan Kumar Bajaj,5616,25.00,5446,25.00,123,425,18.00,2.00,99,29.00,203,1432,1.20,2618,429,50.00,1184,443,0.00,13.8,12.0,2269,288,3717,81.0
362,364,2,Tamil Nadu Newsprint & Papers,Govt of Tamil Nadu,5582,33.00,5323,22.00,388,328,"2,607.00",7.00,182,18.00,116,1871,1.00,3992,372,0.00,1944,392,0.00,22.0,19.7,2427,273,1657,6.0
363,304,-59,Alembic Pharmaceuticals,Chirayu Amin,5577,3.00,5653,7.00,342,345,-34.00,6.00,50,7.00,82,722,0.20,5199,323,-14.00,4370,263,0.00,7.1,7.2,14593,81,12268,11.4
364,334,-30,Bajaj Electricals,Bajaj Group,5551,14.00,5429,13.00,216,396,68.00,4.00,48,14.00,370,101,0.10,2085,455,11.00,1907,398,0.00,11.9,17.6,2500,269,13161,1.6
365,374,9,Page Industries,Sunder Genomal,5549,36.00,4789,23.00,571,266,6.00,10.00,43,5.00,8,406,0.30,1784,468,48.00,1371,429,0.00,46.5,53.6,23853,47,44786,-24.1
366,316,-50,Sundaram Finance,TVS-S. Viji,5544,8.00,5501,8.00,1318,146,12.00,24.00,2406,NAP,1145,42694,0.00,55332,95,17.00,9910,151,0.00,13.6,8.4,4737,179,27946,37.7
367,335,-32,City Union Bank,Diversified,5525,14.00,4714,15.00,937,202,23.00,17.00,2552,NAP,6649,57086,0.00,66595,87,8.00,7457,189,0.00,13.4,1.5,6019,159,10659,-25.4
368,305,-63,Atul,Sunil Lalbhai,5511,3.00,5428,7.00,514,278,-15.00,9.00,8,1.00,52,52,0.00,4812,340,4.00,4671,256,0.00,11.1,14.8,3188,231,21234,-23.3
369,329,-40,Abbott India,MNC,5467,9.00,5379,9.00,949,197,19.00,17.00,16,1.00,1937,113,0.00,3395,393,11.00,3189,316,0.00,31.6,39.9,3700,212,46624,15.9
370,325,-45,Supreme Petrochem,Rajan Raheja Group,5453,8.00,5287,5.00,498,284,-25.00,9.00,6,1.00,350,17,0.00,1868,463,20.00,1844,403,0.00,29.7,39.3,405,382,7826,52.0
371,NAP,NEW,Tata International (**),Tata,5448,28.00,6214,178.00,100,431,-43.00,2.00,425,67.00,708,3604,5.80,4323,354,-15.00,617,467,0.00,6.6,12.1,NAVL,NAP,NAP,NAP
372,400,28,GVK Power & Infrastructure,G.V.K. Reddy family,5421,41.00,2120,147.00,2439,89,-8.00,45.00,1074,82.00,510,5864,0.00,6440,288,-14.00,-1151,489,0.00,NAP,7.9,190,390,621,170.5
373,444,71,Force Motors,Abhaykumar Firodia family,5407,66.00,5029,55.00,134,420,0.00,2.00,68,32.00,141,955,0.50,2864,416,1.00,1875,401,0.00,1.8,4.7,5101,173,2793,165.0
374,310,-64,Shirpur Gold Refinery,Essel Group,5362,2.00,5357,2.00,-33,458,0.00,NAP,50,301.00,27,546,0.00,411,500,3.00,-137,484,0.00,NAP,0.0,NAVL,NAP,NAP,NAP
375,266,-109,Jindal Poly Films,Bhavesh Jindal,5323,-16.00,4697,-20.00,319,356,-73.00,6.00,152,113.00,61,2272,0.50,9041,243,60.00,4208,269,0.00,8.1,11.3,250,388,2995,-25.8
376,368,-8,FSN E-Commerce Ventures,Nayar family,5316,28.00,5144,36.00,19,450,-53.00,0.00,76,29.00,149,799,0.60,2337,446,13.00,1378,427,0.00,1.8,5.1,3177,232,41279,-25.4
377,355,-22,IFB Industries,Bijon Nag,5311,20.00,5249,22.00,15,452,0.00,0.00,33,21.00,97,353,0.50,1121,491,2.00,667,463,0.00,2.3,5.9,2653,260,3519,-8.2
378,330,-48,Bayer CropScience,MNC,5311,6.00,5140,9.00,758,234,17.00,14.00,22,2.00,868,74,0.00,2938,412,8.00,2712,340,0.00,25.9,32.1,1314,340,20548,16.0
379,321,-58,Colgate-Palmolive (India),MNC,5276,3.00,5226,2.00,1047,184,-3.00,20.00,5,0.00,923,69,0.00,1811,466,-1.00,1716,409,0.00,60.7,77.6,2318,281,46177,34.1
380,NAP,NEW,Amazon Data Services India,MNC,5232,47.00,5114,44.00,513,279,57.00,10.00,195,6.00,2066,0,0.00,21775,150,64.00,19077,96,0.00,3.4,5.1,NAVL,NAP,NAP,NAP
381,353,-28,Jubilant Foodworks,Jubilant Bhartia Group,5214,17.00,5158,17.00,353,340,-16.00,7.00,201,18.00,257,2554,1.30,4592,345,13.00,2038,389,0.00,17.7,16.0,8403,123,32506,-16.5
382,446,64,KRIBHCO Fertilisers,Govt of India,5212,61.00,5192,62.00,222,393,177.00,4.00,67,19.00,132,670,0.90,1460,481,-25.00,729,460,0.00,35.2,17.1,NAVL,NAP,NAP,NAP
383,352,-31,Blue Dart Express,MNC,5204,17.00,5172,17.00,371,334,-3.00,7.00,67,7.00,96,1120,0.90,2318,447,18.00,1180,444,0.00,36.1,26.9,12594,96,15847,-9.6
384,356,-28,Bajaj Holdings & Investment,Bajaj Group,5192,18.00,522,8.00,4851,52,20.00,93.00,7,NAP,39,93,0.00,51656,100,0.00,44183,46,0.00,11.4,11.5,NAVL,NAP,73639,4.5
385,344,-41,Astral,Sandeep Engineer,5186,14.00,5159,17.00,457,306,-6.00,9.00,40,5.00,682,87,0.00,3049,407,24.00,2710,342,0.00,18.7,25.5,4056,196,44908,19.2
386,319,-67,Avanti Feeds,Indra Kumar Alluri,5179,1.00,5087,1.00,279,373,26.00,5.00,4,1.00,286,3,0.00,2395,442,11.00,2095,383,0.00,15.7,21.4,1357,336,5367,-5.5
387,NAP,R-E 2020,Konkan Railway Corporation,Govt of India,5164,54.00,5029,57.00,279,374,0.00,5.00,235,46.00,593,3188,1.80,6052,299,3.00,1780,407,0.00,23.2,6.8,NAVL,NAP,NAP,NAP
388,NAP,NEW,RattanIndia Enterprises,Rajiv Rattan,5160,717.00,4124,"29,377.00",-285,474,0.00,NAP,49,NAP,135,973,2.40,1401,485,63.00,410,478,0.00,NAP,0.0,NAVL,NAP,6240,19.6
389,396,7,ITD Cementation India,MNC,5154,34.00,5091,34.00,124,423,81.00,2.00,165,41.00,630,766,0.60,2051,457,18.00,1238,438,0.00,10.5,18.5,2398,277,2613,74.7
390,NAP,R-E 2018,Muthoot Fincorp,Muthoot Pappachan Group,5151,18.00,5130,18.00,589,259,50.00,11.00,2233,NAP,3931,26668,0.00,30925,133,13.00,3734,296,0.00,18.7,10.9,NAVL,NAP,NAP,NAP
391,373,-18,AIA Engineering,Bhadresh Shah,5118,25.00,4909,38.00,1056,182,70.00,21.00,25,2.00,806,503,0.10,6216,295,30.00,5691,224,0.00,20.2,25.3,1326,338,28697,37.0
392,NAP,R-E 2020,Thomas Cook India,Fairfax Group,5112,163.00,5048,167.00,6,453,0.00,0.00,89,51.00,761,539,0.50,2963,411,-1.00,1176,445,0.00,0.6,3.7,1948,299,3887,94.9
393,381,-12,Kirloskar Oil Engines,Kirloskar Group,5108,26.00,5024,25.00,332,349,90.00,7.00,210,29.00,290,3244,1.40,5629,315,36.00,2304,373,0.00,15.1,13.5,2292,285,5785,104.5
394,190,-204,Hinduja Global Solutions,Hinduja Group,5090,-52.00,4505,5.00,332,350,-95.00,7.00,141,57.00,1210,998,0.10,9855,234,2.00,8547,170,0.00,3.0,2.3,12198,98,5891,-21.6
395,435,40,West Coast Paper Mills,S.K. Bangur,5027,48.00,4921,46.00,942,199,207.00,19.00,37,2.00,75,231,0.10,3439,391,29.00,2581,352,0.00,51.0,57.5,2415,275,3726,27.0
396,362,-34,Century Textiles & Industries,B.K. Birla Group,5020,18.00,4800,16.00,272,376,63.00,5.00,54,10.00,151,1059,0.30,5673,311,-3.00,3887,290,0.00,4.7,5.8,1305,341,9301,29.7
397,286,-111,Chemplast Sanmar,Sanmar Holdings,5015,-16.00,4941,-16.00,152,415,-77.00,3.00,154,40.00,1192,1019,3.40,2968,409,11.00,303,480,0.00,104.1,32.6,1219,343,6952,19.4
398,379,-19,Max Healthcare Institute,"Abhay Soi, KKR",4971,16.00,4831,16.00,1104,178,82.00,22.00,84,7.00,1468,689,0.10,8704,248,11.00,7410,191,0.00,16.1,13.9,3730,210,49315,25.7
399,402,3,HL Mando Anand India,"Anand group, Mando Corp",4960,30.00,4838,28.00,317,359,46.00,6.00,25,5.00,507,291,0.20,1531,477,18.00,1231,440,0.00,28.8,32.5,NAVL,NAP,NAP,NAP
400,357,-43,Zensar Technologies,RPG Group,4951,13.00,4848,14.00,328,353,-21.00,7.00,28,5.00,728,273,0.10,3345,394,7.00,2976,325,0.00,11.6,14.6,7797,134,7975,136.5
401,440,39,Lakshmi Machine Works,Jayavarthanavelu family,4944,50.00,4719,49.00,384,329,112.00,8.00,0,NAP,761,0,0.00,2673,427,11.00,2339,369,0.00,17.7,20.4,3418,222,13325,1.3
402,320,-82,Jubilant Ingrevia,Jubilant Bhartia Group,4934,-4.00,4773,-4.00,308,364,-35.00,6.00,22,4.00,85,407,0.20,3139,403,15.00,2666,344,0.00,12.1,15.6,2293,284,7319,-21.4
403,336,-67,HFCL,Mahendra Nahata,4893,1.00,4743,0.00,301,368,-4.00,6.00,152,25.00,323,936,0.30,4121,363,13.00,3108,319,0.00,10.8,15.1,3474,219,9671,-18.3
404,393,-11,Redington (**),Diversified,4886,26.00,2304,-8.00,1393,141,9.00,29.00,355,16.00,1951,3321,0.50,10793,223,52.00,6927,201,0.00,22.7,25.4,1625,316,13416,-4.8
405,361,-44,Castrol India,MNC,4870,15.00,4774,14.00,815,222,8.00,17.00,4,0.00,1218,50,0.00,1959,460,17.00,1886,399,0.00,46.2,60.4,608,369,12578,15.0
406,428,22,Carborundum Universal,Murugappa Group,4856,40.00,4654,40.00,414,321,24.00,9.00,24,4.00,400,277,0.10,3330,395,22.00,2821,333,0.00,17.0,20.7,975,356,19997,26.4
407,384,-23,Equitas Small Finance Bank,Diversified,4831,21.00,4162,20.00,574,264,104.00,12.00,1617,NAP,1244,28354,0.00,34968,125,30.00,5158,237,0.00,12.2,1.9,7947,131,8577,102.2
408,NAP,NEW,Authum Investment & Infra.,Alpana Sanjay Dangi,4828,0.00,539,0.00,4304,57,0.00,89.00,281,NAP,631,1704,0.00,5120,324,0.00,3416,309,0.00,0.5,2.6,NAVL,NAP,5443,246.2
409,385,-24,Medplus Health Services,Madhukar Gangadi & Others,4825,22.00,4558,21.00,50,443,-48.00,1.00,83,31.00,284,900,0.60,2419,440,7.00,1491,419,0.00,3.5,5.6,19626,58,8840,33.6
410,366,-44,Birlasoft,C.K. Birla Group,4818,15.00,4795,16.00,332,351,-28.00,7.00,19,4.00,553,102,0.00,2599,430,-6.00,2448,360,0.00,13.2,17.2,10201,107,9806,112.4
411,481,70,Sunflag Iron & Steel Company,Satyadev Bhardwaj,4790,60.00,3560,31.00,1115,175,414.00,23.00,81,18.00,118,609,0.20,3992,371,68.00,2969,326,0.00,10.2,13.2,1140,347,2836,111.2
412,461,49,Ujjivan Small Finance Bank,Diversified,4754,52.00,4165,48.00,1100,179,0.00,23.00,1467,NAP,2484,28179,0.00,33327,130,41.00,4009,281,0.00,32.7,3.9,17870,65,7152,111.9
413,337,-76,Balrampur Chini Mills,Vivek Saraogi,4750,1.00,4666,-4.00,284,372,-39.00,6.00,49,10.00,12,1880,0.60,4786,341,20.00,2896,329,0.00,10.0,10.4,6270,158,7944,25.6
414,371,-43,Wheels India,TVS-S. Viji,4731,15.00,4651,17.00,58,440,-24.00,1.00,103,47.00,5,785,1.00,1571,474,-4.00,764,459,0.00,7.2,10.8,2413,276,1522,6.4
415,370,-45,Gujarat Ambuja Exports (**),Manish Kumar Gupta,4721,14.00,4563,10.00,330,352,-31.00,7.00,13,3.00,110,229,0.10,2678,425,11.00,2434,361,0.00,14.5,17.8,2435,272,5962,33.3
416,427,11,Brigade Enterprises,M.R. Jaishankar,4715,35.00,3445,15.00,291,370,252.00,6.00,434,51.00,1478,4634,1.40,7974,260,0.00,3237,315,0.00,6.4,8.2,2245,289,12237,35.4
417,341,-76,Tamilnad Mercantile Bank,Diversified,4710,1.00,4081,6.00,1029,189,25.00,22.00,1987,NAP,3582,48291,0.00,57895,94,10.00,6928,200,0.00,16.8,1.9,4467,185,7499,8.5
418,NAP,R-E 2018,IDFC,Diversified,4699,"3,043.00",154,75.00,4244,58,"6,528.00",90.00,0,NAP,377,0,0.00,11597,207,30.00,11597,137,0.00,-25.3,-24.4,NAVL,NAP,15616,66.5
419,392,-27,GHCL,Sanjay Dalmia,4698,43.00,4545,49.00,1142,171,76.00,24.00,39,3.00,140,361,0.10,4323,353,16.00,3956,286,0.00,33.1,37.9,3837,203,5125,-0.8
420,375,-45,Finolex Cables,Chhabria family,4662,14.00,4481,19.00,504,283,-16.00,11.00,1,0.00,73,14,0.00,4394,350,12.00,4370,264,0.00,12.2,15.6,1546,323,12352,78.0
421,433,12,Ratnamani Metals & Tubes,Prakash Sanghvi,4648,37.00,4474,43.00,510,280,58.00,11.00,31,4.00,34,237,0.10,3018,408,25.00,2604,348,0.00,21.1,27.1,3648,216,16034,51.1
422,407,-15,H.G. Infra Engineering,"Harendra Singh, Vijendra Singh, Girishpal Singh trusts",4641,23.00,4622,23.00,493,286,30.00,11.00,154,17.00,270,1910,1.00,3866,378,47.00,1922,394,0.00,29.4,25.2,4034,197,5279,63.8
423,395,-28,Birla Carbon India,Aditya Birla Group,4631,20.00,4392,21.00,369,335,-15.00,8.00,15,3.00,325,30,0.00,3107,405,0.00,3036,322,0.00,12.9,17.1,NAVL,NAP,NAP,NAP
424,453,29,Arvind Fashions,Sanjay Lalbhai,4625,46.00,4421,45.00,37,447,0.00,1.00,155,33.00,200,1265,1.40,2495,435,21.00,910,454,0.00,6.1,10.3,180,392,4194,-5.9
425,387,-38,DCB Bank,Diversified,4610,16.00,4200,20.00,466,299,62.00,10.00,2483,NAP,2368,45357,0.00,52425,99,17.00,4269,268,0.00,11.5,1.0,9905,108,3676,3.0
426,408,-18,Narayana Hrudayalaya,Devi Shetty,4601,23.00,4525,22.00,606,257,77.00,13.00,84,9.00,380,884,0.40,3257,398,33.00,2131,382,0.00,33.5,29.3,11726,101,17829,38.9
427,NAP,R-E 2019,Tata Play,Tata,4590,-4.00,4499,-5.00,-105,463,0.00,NAP,343,25.00,119,2800,0.00,3454,389,-17.00,-499,485,0.00,NAP,0.0,NAVL,NAP,NAP,NAP
428,323,-105,Hitachi Energy India,MNC,4580,0.00,4469,0.00,94,433,0.00,2.00,54,22.00,163,334,0.30,1552,476,0.00,1215,441,0.00,8.0,12.9,2323,280,15618,41.3
429,403,-26,Gujarat Alkalies & Chemicals,Govt of Gujarat,4576,20.00,4517,20.00,410,323,-27.00,9.00,19,2.00,483,597,0.10,6868,280,3.00,6139,216,0.00,6.8,10.6,613,368,5108,-14.6
430,489,59,Shoppers Stop,K Raheja,4575,59.00,4022,60.00,116,426,0.00,3.00,209,30.00,31,2375,11.50,2581,431,18.00,206,482,0.00,20.9,13.2,6319,157,7728,-19.3
431,388,-43,Granules India,K.P. Chigurupati,4571,16.00,4512,20.00,517,275,25.00,11.00,56,6.00,313,1136,0.40,4000,370,7.00,2835,331,0.00,19.1,19.3,3650,215,7701,-6.7
432,404,-28,Kajaria Ceramics,A.K. Kajaria,4507,18.00,4382,18.00,345,343,-9.00,8.00,22,4.00,394,250,0.10,2676,426,13.00,2327,371,0.00,15.6,19.8,2600,262,19249,20.3
433,460,27,Sobha,P.N.C. Menon family,4504,61.00,3310,29.00,104,430,-40.00,2.00,249,67.00,451,2027,0.80,4544,346,-9.00,2495,357,0.00,4.2,8.3,3406,225,5519,24.3
434,NAP,NEW,DSV Air & Sea,MNC,4482,36.00,4462,38.00,237,385,109.00,5.00,11,3.00,317,107,0.20,735,497,50.00,596,468,0.00,55.0,62.1,NAVL,NAP,NAP,NAP
435,360,-75,Indo Rama Synthetics (India),O.P. Lohia,4440,4.00,4310,3.00,-25,456,0.00,NAP,60,143.00,61,890,1.60,1505,479,52.00,573,470,0.00,NAP,0.0,1501,325,1293,-2.8
436,468,32,Adani Total Gas,Adani Group,4429,43.00,4378,44.00,546,270,7.00,12.00,78,9.00,372,1422,0.50,4386,351,27.00,2941,327,0.00,20.4,20.7,550,372,160871,-84.9
437,426,-11,Patel Engineering,Rupen Patel,4413,26.00,4202,24.00,183,409,154.00,4.00,418,78.00,212,1770,0.60,6184,297,-1.00,2888,330,0.00,6.8,10.6,4426,186,2217,147.9
438,397,-41,Galaxy Surfactants,Diversified,4400,14.00,4445,21.00,381,331,45.00,9.00,22,4.00,248,327,0.20,2217,451,11.00,1883,400,0.00,22.0,23.4,1668,312,9139,0.6
439,324,-115,Finolex Industries,Chhabria family,4393,-13.00,4397,-5.00,251,383,-76.00,6.00,27,9.00,61,541,0.10,5528,316,29.00,4903,249,0.00,5.1,6.4,1478,328,11461,38.5
440,405,-35,Sharda Cropchem,R.V. Bubna,4392,16.00,4045,13.00,342,346,-2.00,8.00,20,3.00,182,3,0.00,2240,450,14.00,2232,378,0.00,16.5,21.5,182,391,4214,6.5
441,394,-47,SKF India,MNC,4386,13.00,4305,17.00,525,274,33.00,12.00,2,0.00,958,14,0.00,2388,443,23.00,2341,367,0.00,24.8,34.0,1662,313,23436,10.6
442,498,56,Schwing Stetter India,MNC,4375,56.00,3936,55.00,82,435,53.00,2.00,73,34.00,13,903,1.80,1724,473,117.00,504,474,0.00,17.4,14.6,NAVL,NAP,NAP,NAP
443,477,34,Minda Corporation,Ashok Minda,4341,44.00,4300,44.00,285,371,48.00,7.00,42,9.00,162,713,0.40,2347,444,25.00,1586,414,0.00,20.2,16.2,2943,252,6309,76.9
444,410,-34,Time Technoplast,"Vageria, Jain families",4327,18.00,4289,18.00,219,394,16.00,5.00,105,18.00,101,891,0.40,3219,402,6.00,2267,375,0.00,10.3,13.4,2502,267,2461,61.6
445,NAP,NEW,Bharti Axa Life Insurance Company,"Bharti, Axa",4322,3.00,4013,4.00,-203,473,0.00,NAP,0,NAP,134,60,0.10,13338,189,17.00,507,473,0.00,NAP,0.0,NAVL,NAP,NAP,NAP
446,NAP,NEW,Tata Realty & Infrastructure,Tata,4308,143.00,865,-35.00,2414,91,"2,811.00",56.00,524,754.00,802,4528,1.10,9643,235,-14.00,4272,267,0.00,72.1,30.3,NAVL,NAP,NAP,NAP
447,391,-56,Filatex India,M.S. Bhageria,4304,11.00,4304,12.00,90,434,-70.00,2.00,59,26.00,96,304,0.30,1442,484,-2.00,1099,447,0.00,8.2,12.4,2501,268,1886,-7.1
448,354,-94,Venkys (India),"Desai, Rao families",4268,-3.00,4234,-4.00,70,436,-57.00,2.00,18,17.00,184,191,0.10,1508,478,3.00,1299,435,0.00,5.5,7.7,5282,171,2545,3.3
449,382,-67,Sarda Energy & Minerals,K.K. Sarda,4267,6.00,4212,8.00,602,258,-25.00,14.00,124,12.00,372,1407,0.40,4973,333,5.00,3410,310,0.00,18.9,19.6,1417,333,4997,160.3
450,NAP,NEW,CJ DARCL Logistics,MNC,4239,15.00,4216,15.00,68,437,10.00,2.00,46,28.00,21,694,1.20,1284,487,16.00,577,469,0.00,12.5,11.1,NAVL,NAP,NAP,NAP
451,422,-29,J Kumar Infraprojects,Jagadishkumar Gupta,4234,19.00,4203,19.00,274,375,33.00,6.00,99,17.00,377,547,0.20,2966,410,13.00,2340,368,0.00,12.4,16.9,7434,139,2361,66.5
452,483,31,Himadri Speciality Chemical,Sadashiv K Shetty,4230,44.00,4172,49.00,216,397,427.00,5.00,66,18.00,625,842,0.40,3126,404,27.00,2281,374,0.00,11.5,13.4,895,363,5926,138.2
453,359,-94,Motilal Oswal Financial Services,"Motilal Oswal, Raamdeo Agrawal",4197,-3.00,4178,-3.00,932,203,-29.00,22.00,596,NAP,8837,10278,0.00,16561,167,40.00,6252,211,0.00,15.6,13.0,7303,144,10823,50.2
454,409,-45,KNR Constructions,Narasimha Reddy,4161,13.00,4062,13.00,458,305,20.00,11.00,153,17.00,220,652,0.20,3429,392,-16.00,2779,337,0.00,17.2,22.8,2294,283,7165,14.5
455,399,-56,Sun TV Network,Kalanithi Maran,4153,8.00,3772,5.00,1706,116,4.00,41.00,9,0.00,599,63,0.00,9354,240,13.00,9272,157,0.00,19.6,26.0,1316,339,19651,23.8
456,NAP,NEW,JSW Projects,JSW Group,4140,-6.00,4099,-4.00,206,401,-57.00,5.00,159,33.00,435,1256,0.30,7467,267,-2.00,3797,294,0.00,7.0,9.2,NAVL,NAP,NAP,NAP
457,445,-12,Asahi India Glass,MNC,4127,27.00,4019,27.00,365,336,6.00,9.00,105,13.00,118,1401,0.70,3484,388,16.00,2075,385,0.00,18.9,20.4,1826,302,12828,-10.6
458,NAP,R-E 2020,Shankara Building Products,Indian Private,4090,66.00,4030,67.00,63,438,84.00,2.00,24,21.00,12,88,0.10,731,498,6.00,643,465,0.00,10.5,15.3,991,355,1622,2.6
459,434,-25,3M India,MNC,4081,20.00,3959,19.00,451,308,66.00,11.00,7,1.00,801,27,0.00,1747,471,-23.00,1677,411,0.00,23.4,30.7,1108,348,28937,40.5
460,NAP,NEW,Steel Strips Wheels,Dheeraj Garg,4078,13.00,4041,13.00,194,405,-6.00,5.00,84,19.00,44,638,0.60,1872,462,2.00,1082,448,0.00,19.6,20.9,2486,270,2983,68.9
461,417,-44,Nava,Diversified,4071,12.00,3528,5.00,928,204,79.00,23.00,397,25.00,436,3074,0.50,10359,230,6.00,6025,218,0.00,22.3,18.1,606,370,4224,108.4
462,415,-47,V-Guard Industries,K. Chittilappilly,4063,11.00,4126,18.00,189,407,-17.00,5.00,16,5.00,67,503,0.30,2150,452,43.00,1608,412,0.00,12.5,14.9,2647,261,11665,14.9
463,463,0,Gallantt Ispat,C.P. Agarwal,4020,29.00,4035,34.00,141,418,-20.00,4.00,27,8.00,11,538,0.20,2777,417,12.00,2225,379,0.00,6.5,10.2,2204,293,1664,52.9
464,480,16,Bank of America,MNC,4008,33.00,3729,60.00,1160,170,40.00,29.00,882,NAP,14598,53597,0.00,83121,75,33.00,17495,101,0.00,7.3,1.6,NAVL,NAP,NAP,NAP
465,421,-44,Saraswat Co-operative Bank,Diversified,4005,13.00,3417,13.00,355,339,29.00,9.00,2074,NAP,4476,46713,0.00,61262,92,5.00,5087,241,0.00,7.5,0.6,NAVL,NAP,NAP,NAP
466,389,-77,P&G Hygiene and Health Care,MNC,3967,1.00,3918,0.00,678,245,18.00,17.00,11,1.00,978,4,0.00,1055,493,28.00,946,453,0.00,80.6,69.4,NAVL,NAP,47923,26.6
467,457,-10,Strides Pharma Science,Arun Kumar,3938,24.00,3688,20.00,-203,472,0.00,NAP,261,NAP,316,3030,1.40,5290,321,-4.00,2212,380,0.00,NAP,0.0,2209,292,3453,49.3
468,390,-78,RSWM,L.N. Jhunjhunwala family,3937,1.00,3789,-1.00,123,424,-50.00,3.00,74,30.00,5,1157,0.90,2485,437,16.00,1317,432,0.00,8.3,8.1,16272,75,853,-11.3
469,486,17,GMDC,Govt of Gujarat,3914,35.00,3507,28.00,1216,161,173.00,31.00,2,0.00,98,0,0.00,6376,290,18.00,5798,221,0.00,22.9,28.2,1023,354,5887,138.5
470,343,-127,Gland Pharma,MNC,3912,-15.00,3625,-18.00,781,229,-36.00,20.00,7,1.00,3771,4,0.00,7965,262,11.00,7959,179,0.00,10.3,14.0,4585,182,23141,-18.1
471,499,28,Hubergroup India,MNC,3908,8.00,3837,11.00,208,399,-2.00,5.00,25,9.00,58,293,0.20,2116,453,1.00,1802,406,0.00,11.7,14.5,NAVL,NAP,NAP,NAP
472,414,-58,Kesoram Industries,B.K. Birla Group,3904,7.00,3778,5.00,-194,470,0.00,NAP,450,462.00,110,1902,4.00,2525,434,0.00,473,475,0.00,NAP,0.0,1525,324,2106,55.0
473,451,-22,JBM Auto,S.K. Arya,3897,22.00,3857,21.00,124,422,-20.00,3.00,126,32.00,45,1703,1.70,2758,419,20.00,1030,451,0.00,13.0,11.7,9011,115,10555,189.0
474,497,23,Godfrey Phillips India,K.K. Modi Group,3891,38.00,3589,33.00,690,244,58.00,18.00,29,4.00,40,354,0.10,3934,374,19.00,3548,299,0.00,18.2,21.4,969,357,9805,37.0
475,367,-108,BEML,Govt of India,3885,-7.00,3899,-10.00,158,413,23.00,4.00,49,13.00,39,381,0.20,3595,384,-20.00,2421,362,0.00,6.6,8.1,1908,300,6852,36.1
476,439,-37,Transport Corporation of India,D.P. Agarwal,3857,17.00,3783,16.00,317,358,10.00,8.00,10,2.00,185,92,0.10,1831,465,17.00,1702,410,0.00,20.5,22.4,4568,184,5373,21.6
477,NAP,R-E 2020,PVR,Diversified,3830,131.00,3751,182.00,-335,476,0.00,NAP,572,55.00,362,8052,1.10,15418,175,132.00,7330,192,0.00,NAP,0.0,15213,79,13800,-9.7
478,442,-36,Akzo Nobel India,MNC,3822,17.00,3802,21.00,335,348,16.00,9.00,14,3.00,564,70,0.10,1493,480,5.00,1315,433,0.00,26.0,32.3,1494,326,11004,16.0
479,423,-56,Ajanta Pharma,Rajesh Agrawal,3816,8.00,3743,12.00,588,261,-17.00,15.00,6,1.00,331,36,0.00,3451,390,4.00,3388,311,0.00,17.7,22.2,7713,136,17965,38.1
480,419,-61,Graphite India,K.K. Bangur,3810,6.00,3181,5.00,199,402,-60.00,5.00,13,5.00,91,432,0.10,5399,318,0.00,4964,245,0.00,4.7,7.2,1695,308,7473,32.4
481,NAP,R-E 2020,Phoenix Mills,Atul Ashokkumar Ruia,3803,146.00,2638,78.00,1335,143,462.00,35.00,342,22.00,630,4259,0.50,15672,173,19.00,8380,172,0.00,12.6,11.9,103,400,27458,31.0
482,467,-15,Kirloskar Brothers,Kirloskar Group,3775,22.00,3730,22.00,235,386,149.00,6.00,35,9.00,253,286,0.20,1800,467,7.00,1404,426,0.00,17.4,20.3,2574,264,4422,172.1
483,425,-58,EPL,MNC,3767,8.00,3694,8.00,227,389,6.00,6.00,67,12.00,244,890,0.40,2915,413,10.00,1989,390,0.00,12.1,12.1,1358,335,5783,26.7
484,473,-11,Jana Small Finance Bank,Diversified,3700,21.00,3075,13.00,256,381,"4,631.00",7.00,1415,NAP,2087,22611,0.00,25644,142,27.00,1527,416,0.00,4.8,1.1,NAVL,NAP,NAP,NAP
485,482,-3,Savita Oil Technologies,G.N. Mehra,3696,24.00,3630,24.00,226,390,-13.00,6.00,35,11.00,59,0,0.00,1457,482,15.00,1449,422,0.00,16.7,24.9,480,377,2054,10.7
486,NAP,R-E 2020,IRCTC,Govt of India,3690,87.00,3541,89.00,1006,191,53.00,27.00,16,1.00,1934,84,0.00,2722,423,29.00,2478,358,0.00,46.3,56.7,2229,291,52103,-10.9
487,NAP,NEW,Akums Drugs & Pharmaceuticals,Sandeep Jain & Fmily,3677,-3.00,3655,-1.00,98,432,0.00,3.00,46,18.00,150,537,0.70,2397,441,14.00,717,462,0.00,16.5,9.9,NAVL,NAP,NAP,NAP
488,459,-29,Century Plyboards (India),"Bhajanka, Agarwal familes",3646,16.00,3647,20.00,383,330,22.00,11.00,17,3.00,278,327,0.20,2245,449,24.00,1914,396,0.00,22.1,26.1,6966,146,12806,6.3
489,NAP,NEW,Mitsui Kinzoku Components India,MNC,3646,7.00,3597,4.00,141,417,0.00,4.00,22,12.00,65,609,6.90,699,499,12.00,88,483,0.00,809.5,24.7,NAVL,NAP,NAP,NAP
490,452,-38,Embassy Office Parks REIT,MNC,3641,14.00,3532,16.00,506,281,-43.00,14.00,976,37.00,875,14842,0.60,39687,117,3.00,24368,77,0.00,1.8,3.8,45000,29,29849,-1.2
491,NAP,R-E 2020,Power Mech Projects,Sajja Babu & Sajja Lakshmi,3635,33.00,3601,33.00,209,398,50.00,6.00,90,23.00,172,477,0.40,1934,461,11.00,1275,437,0.00,17.9,20.1,11648,103,4438,96.3
492,NAP,NEW,Route Mobile,S.K. & R.K. Gupta,3609,78.00,3569,78.00,327,354,97.00,9.00,22,5.00,880,140,0.10,2115,454,9.00,1820,405,0.00,19.1,20.0,404,383,8750,18.2
493,NAP,NEW,Praj Industries,Pramod Madhukar Chaudhari,3602,50.00,3528,51.00,240,384,60.00,7.00,5,2.00,145,42,0.00,1134,490,19.00,1078,449,0.00,24.1,31.0,1063,350,7552,30.3
494,476,-18,Honeywell Automation India,MNC,3593,19.00,3448,17.00,438,316,29.00,12.00,7,1.00,2380,36,0.00,3242,399,11.00,3189,317,0.00,14.5,19.4,2956,250,34816,-7.4
495,494,-1,Rane Holdings,L. Ganesh family,3567,26.00,3511,30.00,62,439,158.00,2.00,50,NAP,48,866,1.10,1971,459,7.00,808,456,0.00,12.3,12.3,137,395,1398,31.9
496,411,-85,Rattanindia Power,Rajiv Rattan,3559,-3.00,3231,-1.00,-1870,493,0.00,NAP,2512,340.00,234,10641,0.00,7372,269,-25.00,-4533,494,0.00,NAP,0.0,544,373,2414,73.0
497,NAP,R-E 2021,CreditAccess Grameen,MNC,3551,29.00,3487,31.00,826,219,134.00,23.00,1216,NAP,1436,16312,0.00,21419,153,25.00,5107,238,0.00,17.8,12.1,16759,72,17801,72.1
498,NAP,NEW,Welspun Enterprises,Welspun Group,3527,144.00,2758,105.00,723,237,480.00,20.00,119,81.00,542,764,0.30,3488,386,-23.00,2356,365,0.00,13.2,9.3,926,361,2850,113.5
499,NAP,R-E 2020,Bata India,MNC,3526,31.00,3452,45.00,323,355,214.00,9.00,118,15.00,531,1246,0.90,2685,424,-8.00,1438,424,0.00,19.9,19.6,4421,187,20489,-13.3
500,NAP,NEW,ZF Comm. Vehicle Control System,MNC,3511,36.00,3444,35.00,318,357,124.00,9.00,6,1.00,1169,0,0.00,2487,436,16.00,2409,363,0.00,14.1,18.7,2181,295,21760,59.6
